<?xml version="1.0" encoding="utf-8" standalone="no" ?>
<Sonic.prm.xml>

  <Common>
    <Category>
      <ChaosEnergy>
        <Param>
          <BoostTimeDecreaseOnBoard>11.2</BoostTimeDecreaseOnBoard>
          <ChaosEnergyRecoverRateByRing>0.03</ChaosEnergyRecoverRateByRing>
          <ChaosEnergyRecoverRateByRingBonus>0.01</ChaosEnergyRecoverRateByRingBonus>
          <ChaosEnergyRecoverRateByRingPenalty>0</ChaosEnergyRecoverRateByRingPenalty>
        </Param>
      </ChaosEnergy>
      <Drift>
        <Param>
		  <DriftLowSpeedVelocityThreshold>-1</DriftLowSpeedVelocityThreshold>
        </Param>
      </Drift>
      <Friction>
        <Param>
          <HorzStandEnableMaxSlope>10</HorzStandEnableMaxSlope>
        </Param>
      </Friction>
      <Grind>
        <Param>
		  <GrindToWallWalkFrontVelocity>10</GrindToWallWalkFrontVelocity>
          <GrindToWallWalkSideVelocity>10</GrindToWallWalkSideVelocity>
          <GrindToWallWalkVertVelocity>8</GrindToWallWalkVertVelocity>
        </Param>
      </Grind>
      <Hurdle>
        <Param>
          <HurdleFallVelocity>5.1</HurdleFallVelocity>
          <HurdleFlyingTime>0.1</HurdleFlyingTime>
          <HurdleJumpLimitHeight>0.72</HurdleJumpLimitHeight>
        </Param>
      </Hurdle>
	  <Jump>
        <Param>
          <BallJumpAirDragRateScale>2.35</BallJumpAirDragRateScale>
        </Param>
      </Jump>
      <PtmRocket>
        <Param>
          <RocketAccel>2</RocketAccel>
          <RocketChargeEndTime>1.2</RocketChargeEndTime>
          <RocketForceScale>0.3</RocketForceScale>
          <RocketLaunchTime>3</RocketLaunchTime>
          <RocketMaxVelocity>60</RocketMaxVelocity>
          <RocketMinVelocity>20</RocketMinVelocity>
          <RocketVelocity>2.5</RocketVelocity>
        </Param>
      </PtmRocket>
      <PtmSpike>
        <Param>
          <SpikeBoostChargeTime1>0.26</SpikeBoostChargeTime1>
          <SpikeBoostChargeTime2>0.5</SpikeBoostChargeTime2>
          <SpikeBoostVelocity1>35</SpikeBoostVelocity1>
          <SpikeBoostVelocity2>40</SpikeBoostVelocity2>
          <SpikeInvokeTime>15</SpikeInvokeTime>
        </Param>
      </PtmSpike>
      <Rotation>
        <Param>
          <RotationForceThresholdSpd>-1</RotationForceThresholdSpd>
        </Param>
      </Rotation>
      <Skill>
        <Param>
          <SkillAddChaosEnergyOnBoardJump>30</SkillAddChaosEnergyOnBoardJump>
          <SkillCountBarrier>2</SkillCountBarrier>
          <SkillCountHighSpeed>2</SkillCountHighSpeed>
          <SkillHighSpeedTime>16.5</SkillHighSpeedTime>
          <SkillPreciousTime>15</SkillPreciousTime>
          <SkillUnbeatenTime>16.8</SkillUnbeatenTime>
        </Param>
      </Skill>
      <SpinAttack>
        <Param>
          <SpinAttackAfterUpVelocity>15.1</SpinAttackAfterUpVelocity>
          <SpinAttackAfterUpVelocityStrong>17.3</SpinAttackAfterUpVelocityStrong>
        </Param>
      </SpinAttack>
      <Sps>
        <Param>
          <SpsDecRingTimeBoost>0.6</SpsDecRingTimeBoost>
        </Param>
      </Sps>
      <Stomping>
        <Param>
          <StompingAccel>0</StompingAccel>
		  <StompingMaxVelocity>40</StompingMaxVelocity>
		  <StompingMinVertVeloicty>0</StompingMinVertVeloicty>
		  <StompingStartAccel>0</StompingStartAccel>
        </Param>
      </Stomping>
      <Water>
        <Param>
		  <StartTimeToCountDown>18</StartTimeToCountDown>
		  <WaterGravityScale>0.27</WaterGravityScale>
        </Param>
      </Water>
    </Category>
  </Common>

  <ForwardView>
    <Category>
      <AirBoost>
        <Param>
          <AirBoostCalibratedAirDragScale>1</AirBoostCalibratedAirDragScale>
		  <AirBoostStartAddVelocityOnBoard>20</AirBoostStartAddVelocityOnBoard>
          <AirBoostStartVelocityOnBoard>65.0696</AirBoostStartVelocityOnBoard>
        </Param>
      </AirBoost>
      <Board>
        <Param>
          <KeepRunningMinVelocityOnBoard>20</KeepRunningMinVelocityOnBoard>
        </Param>
      </Board>
      <Boost>
        <Param>
          <BoostMaxVelocityScaleLv0>1.5</BoostMaxVelocityScaleLv0>
        </Param>
      </Boost>
      <HipSliding>
        <Param>
          <HipSlidingMaxVelocity>70.6</HipSlidingMaxVelocity>
        </Param>
      </HipSliding>
      <HomingAttack>
        <Param>
          <HomingCalibratedAirDragScale>1</HomingCalibratedAirDragScale>
          <HomingLockonCollisionOffsetX>0</HomingLockonCollisionOffsetX>
          <HomingLockonCollisionOffsetXN>0</HomingLockonCollisionOffsetXN>
		  <HomingSpeed>55</HomingSpeed>
          <HomingSpeedOfDummy>55</HomingSpeedOfDummy>
        </Param>
      </HomingAttack>
      <Jump>
        <Param>
          <JumpPower>14.7</JumpPower>
          <JumpPowerMin>10.7</JumpPowerMin>
          <JumpPowerOnBoard>15</JumpPowerOnBoard>
          <MaxUpSpeedWhenJump>100</MaxUpSpeedWhenJump>
        </Param>
      </Jump>
      <Other>
        <Param>
          <Gravity>33</Gravity>
        </Param>
      </Other>
      <Rotation>
        <Param>
          <RotationForceInBoardAir>5</RotationForceInBoardAir>
        </Param>
      </Rotation>
      <Velocity>
        <Param>
		  <AccelerationForceBySkill>30</AccelerationForceBySkill>
		  <AccelerationForceSps>35.1</AccelerationForceSps>
		  <InAirForceAccelRateOnBoard>0.15</InAirForceAccelRateOnBoard>
		  <InAirForceDecRateOnBoard>0.18</InAirForceDecRateOnBoard>
		  <InAirLowSpdThreshold>-1</InAirLowSpdThreshold>
		  <LimitTimeOfSpin>0</LimitTimeOfSpin>
          <SlopeVelocityKeepRate>1</SlopeVelocityKeepRate>
        </Param>
      </Velocity>
	  <VelocityCorrect>
        <Param>
          <AdditinalMaxVelocityBySkill>10</AdditinalMaxVelocityBySkill>
        </Param>
      </VelocityCorrect>
    </Category>
  </ForwardView>

  <SideView>
    <Category>
      <AirBoost>
        <Param>
          <AirBoostCalibratedAirDragScale>1</AirBoostCalibratedAirDragScale>
        </Param>
      </AirBoost>
      <Boost>
        <Param>
          <BoostMaxVelocityScaleLv0>1.6</BoostMaxVelocityScaleLv0>
        </Param>
      </Boost>
      <HomingAttack>
        <Param>
          <HomingAttackAfterUpVelocity>14</HomingAttackAfterUpVelocity>
          <HomingCalibratedAirDragScale>1</HomingCalibratedAirDragScale>
          <HomingLockonCollisionFar>12.5</HomingLockonCollisionFar>
          <HomingLockonCollisionFarN>12.5</HomingLockonCollisionFarN>
          <HomingLockonCollisionFovy>73</HomingLockonCollisionFovy>
          <HomingLockonCollisionFovyN>73</HomingLockonCollisionFovyN>
          <HomingLockonCollisionOffsetX>0.02</HomingLockonCollisionOffsetX>
          <HomingLockonCollisionOffsetXN>0.02</HomingLockonCollisionOffsetXN>
          <HomingLockonCollisionRotationX>28.2</HomingLockonCollisionRotationX>
          <HomingLockonCollisionRotationXN>28.2</HomingLockonCollisionRotationXN>
		  <HomingSpeed>48.2</HomingSpeed>
          <HomingSpeedOfDummy>48.2</HomingSpeedOfDummy>
        </Param>
      </HomingAttack>
      <Jump>
        <Param>
          <JumpGroundVelocityXZRate>0.8</JumpGroundVelocityXZRate>
          <JumpGroundVelocityYRate>0.75</JumpGroundVelocityYRate>
		  <JumpPower>14.7</JumpPower>
          <JumpPowerMin>10.7</JumpPowerMin>
          <MaxUpSpeedWhenJump>30</MaxUpSpeedWhenJump>
        </Param>
      </Jump>
      <Other>
        <Param>
          <Gravity>33</Gravity>
        </Param>
      </Other>
      <SlopeRun>
        <Param>
          <DownForceEfficient>7.1</DownForceEfficient>
          <DynamicFrictionalForce>19.3</DynamicFrictionalForce>
          <DynamicResistanceForceWhenRun>6.19999</DynamicResistanceForceWhenRun>
          <DynamicResistanceForceWhenStand>15</DynamicResistanceForceWhenStand>
          <StaticFrictionalForce>25</StaticFrictionalForce>
          <StaticResistanceForceWhenRun>10</StaticResistanceForceWhenRun>
          <StaticResistanceForceWhenStand>22.8</StaticResistanceForceWhenStand>
          <WallRunCancelVelocity>0</WallRunCancelVelocity>
          <WallRunCancelVelocityNoRun>15</WallRunCancelVelocityNoRun>
        </Param>
      </SlopeRun>
	  <Velocity>
        <Param>
		  <AccelerationForceBySkill>23.2</AccelerationForceBySkill>
		  <AccelerationForceSps>25</AccelerationForceSps>
		  <InAirLowSpdThreshold>-1</InAirLowSpdThreshold>
		  <LimitTimeOfSpin>0</LimitTimeOfSpin>
          <SlopeVelocityKeepRate>1</SlopeVelocityKeepRate>
        </Param>
      </Velocity>
      <VelocityCorrect>
        <Param>
          <AdditinalMaxVelocityBySkill>5</AdditinalMaxVelocityBySkill>
        </Param>
      </VelocityCorrect>
    </Category>
  </SideView>

  <SkateBoardMode>
    <Category>
      <Drift>
        <Param>
          <DriftMaxAngleVelocity>1.2</DriftMaxAngleVelocity>
        </Param>
      </Drift>
    </Category>
  </SkateBoardMode>

  <Special>
    <Category>
      <BigChaser>
        <Category>
          <Boost>
            <Param>
              <BoostAccelerationForce>35.5</BoostAccelerationForce>
              <BoostMaxVelocityScaleLv0>1.5</BoostMaxVelocityScaleLv0>
            </Param>
          </Boost>
          <Squat_Sliding>
            <Param>
              <SlidingBrakeForce>1</SlidingBrakeForce>
            </Param>
          </Squat_Sliding>
          <Velocity>
            <Param>
              <AccelerationForce>7</AccelerationForce>
              <DecelerationForceHigh>3</DecelerationForceHigh>
              <InAirForceAccelRate>0</InAirForceAccelRate>
              <InAirForceDecRate>0</InAirForceDecRate>
              <InAirMaxAccelVelocity>0.2</InAirMaxAccelVelocity>
              <MaxHorzVelocity>85</MaxHorzVelocity>
              <MaxVelocityBasis>50</MaxVelocityBasis>
              <MaxVelocityFinalMax>53</MaxVelocityFinalMax>
            </Param>
          </Velocity>
        </Category>
      </BigChaser>
    </Category>
  </Special>

</Sonic.prm.xml>
