<?xml version="1.0" encoding="utf-8" standalone="no" ?>
<Sonic.prm.xml>

  <Common>
    <Category>
      <AdlibTrick>
        <Param>
          <AdTrickAddChaosEnergyBonus>20</AdTrickAddChaosEnergyBonus>
          <AdTrickAddChaosEnergyLv1>10</AdTrickAddChaosEnergyLv1>
          <AdTrickAddChaosEnergyLv2>15</AdTrickAddChaosEnergyLv2>
          <AdTrickAddChaosEnergyLv3>25</AdTrickAddChaosEnergyLv3>
          <AdTrickAnimSpeedOnSkill>3</AdTrickAnimSpeedOnSkill>
          <AdTrickGameSpeed>0.7</AdTrickGameSpeed>
          <AdTrickGameSpeedAwakeTime>2</AdTrickGameSpeedAwakeTime>
          <AdTrickGameSpeedAwakeTimeOfStart>1</AdTrickGameSpeedAwakeTimeOfStart>
          <AdTrickGameSpeedOfStart>0.2</AdTrickGameSpeedOfStart>
          <AdTrickGameSpeedSV>0.7</AdTrickGameSpeedSV>
        </Param>
      </AdlibTrick>
      <AttributeDamage>
        <Category>
          <DamageFire>
            <Param>
              <DamageFireTime>2</DamageFireTime>
            </Param>
          </DamageFire>
          <DamageFreeze>
            <Param>
              <DamageFreezeAirKeepTime>0.5</DamageFreezeAirKeepTime>
              <DamageFreezeReflectEfficient>0.1</DamageFreezeReflectEfficient>
              <DamageFreezeTime>1.5</DamageFreezeTime>
            </Param>
          </DamageFreeze>
          <DamageShock>
            <Param>
              <DamageElectricTime>1</DamageElectricTime>
            </Param>
          </DamageShock>
        </Category>
      </AttributeDamage>
      <Board>
        <Param>
          <BoardMaxPitchVelocity>80</BoardMaxPitchVelocity>
          <BoardMinPitchVelocity>10</BoardMinPitchVelocity>
        </Param>
      </Board>
      <BoardDamage>
        <Param>
          <BoardDamageInternalScale>0.15</BoardDamageInternalScale>
          <BoardDamageOutOfControlTime>1</BoardDamageOutOfControlTime>
          <BoardDamageVelocity>10</BoardDamageVelocity>
        </Param>
      </BoardDamage>
      <Boost>
        <Param>
          <BoostBeginCameraShakeCount>4</BoostBeginCameraShakeCount>
          <BoostBeginCameraShakeSize>0.01</BoostBeginCameraShakeSize>
          <BoostBeginCameraShakeTime>0.1</BoostBeginCameraShakeTime>
          <BoostEndKeepTime>0.2</BoostEndKeepTime>
          <BoostPullRadius>1.2</BoostPullRadius>
          <IsEnableBoost3DEffect>true</IsEnableBoost3DEffect>
          <RotationForceInBoost>50</RotationForceInBoost>
        </Param>
      </Boost>
      <Brake>
        <Param>
          <BrakeCancelAngle>100</BrakeCancelAngle>
          <BrakeEnableAngle>120</BrakeEnableAngle>
        </Param>
      </Brake>
      <CameraTarget>
        <Param>
          <CameraTargetOffsetSensitive>10</CameraTargetOffsetSensitive>
          <CameraTargetUpOffset>1.7</CameraTargetUpOffset>
          <CameraTargetUpOffsetInAir>1</CameraTargetUpOffsetInAir>
          <CameraTargetUpOffsetSensitive>5</CameraTargetUpOffsetSensitive>
        </Param>
      </CameraTarget>
      <ChaosEnergy>
        <Param>
          <AirBoostDisableTimeAfterSpinAttack>0.2</AirBoostDisableTimeAfterSpinAttack>
          <AirBoostEnableChaosEnergy>1</AirBoostEnableChaosEnergy>
          <AirBoostFirstDecrease>20.1</AirBoostFirstDecrease>
          <BoostEnableChaosEnergy>1</BoostEnableChaosEnergy>
          <BoostFirstDecrease>10</BoostFirstDecrease>
          <BoostTimeDecrease>7.00997</BoostTimeDecrease>
          <BoostTimeDecreaseOnBoard>11.2001</BoostTimeDecreaseOnBoard>
          <BoostTimeDecreaseOnWater>22.4004</BoostTimeDecreaseOnWater>
          <ChaosEnergyAutoRecoverRate>0.300001</ChaosEnergyAutoRecoverRate>
          <ChaosEnergyRecoverRateByRing>0.04</ChaosEnergyRecoverRateByRing>
          <ChaosEnergyRecoverRateByRingBonus>0</ChaosEnergyRecoverRateByRingBonus>
          <ChaosEnergyRecoverRateByRingPenalty>0</ChaosEnergyRecoverRateByRingPenalty>
          <IncreaseChaosEnergyDriftPerSecond>4.00821</IncreaseChaosEnergyDriftPerSecond>
          <IncreaseChaosEnergyDriftStart>0</IncreaseChaosEnergyDriftStart>
        </Param>
      </ChaosEnergy>
      <Collision>
        <Param>
          <CollisionPushingRadius>0.45</CollisionPushingRadius>
          <CollisionRadius>0.15</CollisionRadius>
          <CollisionSquatHeight>0.4</CollisionSquatHeight>
          <CollisionStandHeight>1</CollisionStandHeight>
          <ItemCollisionHeightInDiving>1</ItemCollisionHeightInDiving>
          <ItemCollisionRadius>0.3</ItemCollisionRadius>
          <ItemCollisionRadiusInBoost>0.75</ItemCollisionRadiusInBoost>
          <ItemCollisionRadiusInDiving>0.75</ItemCollisionRadiusInDiving>
          <ItemCollisionSquatHeight>0.75</ItemCollisionSquatHeight>
          <ItemCollisionSquatHeightInBoost>0.5</ItemCollisionSquatHeightInBoost>
          <ItemCollisionStandHeight>1</ItemCollisionStandHeight>
          <ItemCollisionStandHeightInBoost>1</ItemCollisionStandHeightInBoost>
        </Param>
      </Collision>
      <Damage>
        <Param>
          <BlinkNoDamageTime>2</BlinkNoDamageTime>
          <DamageAirJumpPermitDistance>1.5</DamageAirJumpPermitDistance>
          <DamageCancelHorzVelocity>9</DamageCancelHorzVelocity>
          <DamageCancelVertVelocity>10</DamageCancelVertVelocity>
          <DamageDecForceOfWallWalk>300</DamageDecForceOfWallWalk>
          <DamageDownTime>0.8</DamageDownTime>
          <DamageHorzDecRateOnBoard>0.7</DamageHorzDecRateOnBoard>
          <DamageMoveScale>0.09</DamageMoveScale>
          <DamageStandUpCancelTime>0.69</DamageStandUpCancelTime>
          <DamageVertVelOnBoard>10</DamageVertVelOnBoard>
        </Param>
      </Damage>
      <Diving>
        <Param>
          <DivingDamageTime>1</DivingDamageTime>
          <DivingDamageVelocityDecreaseRate>0.5</DivingDamageVelocityDecreaseRate>
          <DivingDiveBeginGravityScale>2.4</DivingDiveBeginGravityScale>
          <DivingDiveBeginHorzVelocityRate>0.85</DivingDiveBeginHorzVelocityRate>
          <DivingDiveEndSpeed>20</DivingDiveEndSpeed>
          <DivingDiveMaxVelocityDown>90.0998</DivingDiveMaxVelocityDown>
          <DivingDiveVelocityFront>0.7</DivingDiveVelocityFront>
          <DivingDiveVelocitySide>0.7</DivingDiveVelocitySide>
          <DivingFloatMaxVelocityDown>39.9999</DivingFloatMaxVelocityDown>
          <DivingFloatVelocityFront>0.4</DivingFloatVelocityFront>
          <DivingFloatVelocitySide>0.4</DivingFloatVelocitySide>
          <DivingRotationMax>20</DivingRotationMax>
        </Param>
      </Diving>
      <Drift>
        <Param>
          <BorderTimeOfBrakeCancelForStartDrift>0.25</BorderTimeOfBrakeCancelForStartDrift>
          <DriftAngleReturnForce>3.5</DriftAngleReturnForce>
          <DriftAngleReturnForceLowSpeed>3.5</DriftAngleReturnForceLowSpeed>
          <DriftBoostYawOffset>20</DriftBoostYawOffset>
          <DriftDecVelocityFirst>20</DriftDecVelocityFirst>
          <DriftDecVelocityFirstLowSpeed>20</DriftDecVelocityFirstLowSpeed>
          <DriftFailureAddVelocity>10</DriftFailureAddVelocity>
          <DriftFinishAngle>35</DriftFinishAngle>
          <DriftFinishSideVelocity>1.31</DriftFinishSideVelocity>
          <DriftFinishVelocity>15.0098</DriftFinishVelocity>
          <DriftFrontAccelForceRate>1.5</DriftFrontAccelForceRate>
          <DriftFrontAccelForceRateLowSpeed>6.7</DriftFrontAccelForceRateLowSpeed>
          <DriftFrontAngleForce>1</DriftFrontAngleForce>
          <DriftFrontAngleForceLowSpeed>3.1</DriftFrontAngleForceLowSpeed>
          <DriftLowSpeedVelocityThreshold>60.0999</DriftLowSpeedVelocityThreshold>
          <DriftMaxAngleVelocity>1.2</DriftMaxAngleVelocity>
          <DriftMaxAngleVelocityLowSpeed>0.6</DriftMaxAngleVelocityLowSpeed>
          <DriftSideAngleForce>1</DriftSideAngleForce>
          <DriftSideAngleForceLowSpeed>11.41</DriftSideAngleForceLowSpeed>
          <DriftSideDecForce>6.06017</DriftSideDecForce>
          <DriftSideDecForceLowSpeed>15.0603</DriftSideDecForceLowSpeed>
          <DriftSuccessAddVelocity>65</DriftSuccessAddVelocity>
          <StartDriftFromSlidingBorder>0.2</StartDriftFromSlidingBorder>
          <StartDriftInputAngleBorder>50</StartDriftInputAngleBorder>
          <StartDriftVelocityBorder>3.20986</StartDriftVelocityBorder>
        </Param>
      </Drift>
      <EnemyCombo>
        <Param>
          <EnemyComboTime>1</EnemyComboTime>
        </Param>
      </EnemyCombo>
      <Friction>
        <Param>
          <HorzStandEnableMaxSlope>60</HorzStandEnableMaxSlope>
          <LostGridSideSpeedRate>1</LostGridSideSpeedRate>
          <RecoverGridSideSpeedRate>0.5</RecoverGridSideSpeedRate>
          <RecoverGridSpeed>5</RecoverGridSpeed>
          <ResistanceStandRunBorder>15</ResistanceStandRunBorder>
          <ResistanceStandRunIntgerpolate>5</ResistanceStandRunIntgerpolate>
        </Param>
      </Friction>
      <Grind>
        <Param>
          <GrindBeginMinSpeed>35</GrindBeginMinSpeed>
          <GrindDamageTime>1</GrindDamageTime>
          <GrindDamageVelocityDecreaseRate>0.5</GrindDamageVelocityDecreaseRate>
          <GrindJumpPowerMin>8</GrindJumpPowerMin>
          <GrindJumpShortReleaseTime>0.24</GrindJumpShortReleaseTime>
          <GrindJumpSideMaxDistance>3</GrindJumpSideMaxDistance>
          <GrindJumpSideSearchFrontOffsetTime>0.1</GrindJumpSideSearchFrontOffsetTime>
          <GrindSEMaxPitch>100</GrindSEMaxPitch>
          <GrindSEMaxPitchVelocity>50</GrindSEMaxPitchVelocity>
          <GrindSEMinPitch>-100</GrindSEMinPitch>
          <GrindSEMinPitchVelocity>10</GrindSEMinPitchVelocity>
          <GrindSideJumpForce>10</GrindSideJumpForce>
          <GrindStumbleLimit>0.1</GrindStumbleLimit>
          <GrindStumbleLimitTime>0.25</GrindStumbleLimitTime>
          <GrindToWallWalkFrontVelocity>10.0003</GrindToWallWalkFrontVelocity>
          <GrindToWallWalkSideVelocity>10.0001</GrindToWallWalkSideVelocity>
          <GrindToWallWalkVertVelocity>8.00975</GrindToWallWalkVertVelocity>
        </Param>
      </Grind>
      <HangOn>
        <Param>
          <HangOnJumpHorzVel>1.5</HangOnJumpHorzVel>
          <HangOnJumpPower>17</HangOnJumpPower>
          <HangOnJumpVelCoeffDown>0.2</HangOnJumpVelCoeffDown>
          <HangOnJumpVelCoeffUp>0.9</HangOnJumpVelCoeffUp>
        </Param>
      </HangOn>
      <HomingAttack>
        <Param>
          <ActionEnableAfterHomingAttack>0.35</ActionEnableAfterHomingAttack>
          <HomingAttackEnableAfterFall>0.1</HomingAttackEnableAfterFall>
          <HomingAttackEnableVertUp>-1</HomingAttackEnableVertUp>
          <HomingRotateForce>10</HomingRotateForce>
          <XButtonHoming>false</XButtonHoming>
        </Param>
      </HomingAttack>
      <Hurdle>
        <Param>
          <EnableHurdleJumpMinVelocity>20</EnableHurdleJumpMinVelocity>
          <HurdleFallVelocity>5.1</HurdleFallVelocity>
          <HurdleFirstAnimSpeed>1.9</HurdleFirstAnimSpeed>
          <HurdleFlyingTime>0.09</HurdleFlyingTime>
          <HurdleJumpLimitHeight>0.72</HurdleJumpLimitHeight>
          <HurdleJumpRotateZRate>0.5</HurdleJumpRotateZRate>
          <HurdleJumpVelocity>11.5</HurdleJumpVelocity>
          <HurdleReleaseAnimSpeed>0.8</HurdleReleaseAnimSpeed>
        </Param>
      </Hurdle>
      <Input>
        <Param>
          <PadCorrectWhenCameraChangeAlwaysAccelTime>2</PadCorrectWhenCameraChangeAlwaysAccelTime>
          <PadCorrectWhenCameraChangeKeepTime>3</PadCorrectWhenCameraChangeKeepTime>
          <PadInputForceCoeffInAir>1</PadInputForceCoeffInAir>
        </Param>
      </Input>
      <Item>
        <Param>
          <RingDropAdditionalNum>10</RingDropAdditionalNum>
          <RingDropMin>20</RingDropMin>
        </Param>
      </Item>
      <Jump>
        <Param>
          <BallJumpAirDragRateScale>5.90001</BallJumpAirDragRateScale>
          <JumpShortGroundResetDistance>5</JumpShortGroundResetDistance>
          <JumpShortReleaseTime>0.14</JumpShortReleaseTime>
          <PrecedeJumpEnableTime>0.1</PrecedeJumpEnableTime>
          <VertVelocityBallToFall>-10</VertVelocityBallToFall>
        </Param>
      </Jump>
      <KeepRunning>
        <Param>
          <KeepRunningDamageInternalScale>0.15</KeepRunningDamageInternalScale>
          <KeepRunningDamageTime>1</KeepRunningDamageTime>
          <KeepRunningDamageVelocityDecreaseRate>0.5</KeepRunningDamageVelocityDecreaseRate>
          <KeepRunningMinVelocity>15</KeepRunningMinVelocity>
          <KeepRunningMinVelocityDebug>15</KeepRunningMinVelocityDebug>
        </Param>
      </KeepRunning>
      <LightSpeedDash>
        <Param>
          <IsLightSpeedDashCollisionEdit>false</IsLightSpeedDashCollisionEdit>
          <IsLightSpeedDashHoldMode>false</IsLightSpeedDashHoldMode>
          <IsLightSpeedDashStartCollisionEdit>false</IsLightSpeedDashStartCollisionEdit>
          <LightSpeedDashCollisionAspect>2</LightSpeedDashCollisionAspect>
          <LightSpeedDashCollisionFar>3.5</LightSpeedDashCollisionFar>
          <LightSpeedDashCollisionFovy>40</LightSpeedDashCollisionFovy>
          <LightSpeedDashCollisionNear>1</LightSpeedDashCollisionNear>
          <LightSpeedDashCollisionOffsetX>-1.3</LightSpeedDashCollisionOffsetX>
          <LightSpeedDashCollisionOffsetY>0.5</LightSpeedDashCollisionOffsetY>
          <LightSpeedDashCollisionRotationX>15</LightSpeedDashCollisionRotationX>
          <LightSpeedDashEnableAngle>70</LightSpeedDashEnableAngle>
          <LightSpeedDashHoldTime>0.02</LightSpeedDashHoldTime>
          <LightSpeedDashMaxVelocity>80</LightSpeedDashMaxVelocity>
          <LightSpeedDashMaxVelocity3D>100</LightSpeedDashMaxVelocity3D>
          <LightSpeedDashMinVelocity>65</LightSpeedDashMinVelocity>
          <LightSpeedDashMinVelocity3D>90.0994</LightSpeedDashMinVelocity3D>
          <LightSpeedDashStartCollisionAspect>2</LightSpeedDashStartCollisionAspect>
          <LightSpeedDashStartCollisionFar>3.5</LightSpeedDashStartCollisionFar>
          <LightSpeedDashStartCollisionFovy>40</LightSpeedDashStartCollisionFovy>
          <LightSpeedDashStartCollisionNear>1</LightSpeedDashStartCollisionNear>
          <LightSpeedDashStartCollisionOffsetX>-1.3</LightSpeedDashStartCollisionOffsetX>
          <LightSpeedDashStartCollisionOffsetY>0.5</LightSpeedDashStartCollisionOffsetY>
          <LightSpeedDashStartCollisionRotationX>15</LightSpeedDashStartCollisionRotationX>
        </Param>
      </LightSpeedDash>
      <Motion>
        <Param>
          <MotionDashToJet>44</MotionDashToJet>
          <MotionJetToBoost>50</MotionJetToBoost>
          <MotionJogToRun>15</MotionJogToRun>
          <MotionRunToDash>28</MotionRunToDash>
          <MotionStandToWalk>0.05</MotionStandToWalk>
          <MotionWalkFastToJog>5</MotionWalkFastToJog>
          <MotionWalkToWalkFast>2.5</MotionWalkToWalkFast>
          <WalkSideMotionMaxInput>0.7</WalkSideMotionMaxInput>
          <WalkSideMotionMinInput>0.2</WalkSideMotionMinInput>
          <WalkSideMotionMovePathScale>0.5</WalkSideMotionMovePathScale>
          <WalkSideMotionSensitive>1.5</WalkSideMotionSensitive>
          <WalkWallMotionSlopeAngleMax>75</WalkWallMotionSlopeAngleMax>
          <WalkWallMotionSlopeAngleMin>45</WalkWallMotionSlopeAngleMin>
        </Param>
      </Motion>
      <NoGroundStop>
        <Param>
          <FrontNoGroundStopMaxInput>0.01</FrontNoGroundStopMaxInput>
          <FrontNoGroundStopSearchLength>0.1</FrontNoGroundStopSearchLength>
        </Param>
      </NoGroundStop>
      <Other>
        <Param>
          <AttackAfterImpluseVelocityCoeff>1</AttackAfterImpluseVelocityCoeff>
          <GroundSearchDiameter>0.3</GroundSearchDiameter>
          <IdleActionTime>5.90004</IdleActionTime>
          <IdleSleepActionCount>3</IdleSleepActionCount>
          <ModelScaleInPlayableMenu>1</ModelScaleInPlayableMenu>
          <SpringImpluseVelocityCoeff>1</SpringImpluseVelocityCoeff>
          <StandToWalkVelocity>0.2</StandToWalkVelocity>
        </Param>
      </Other>
      <Paraloop>
        <Param>
          <ParaloopInterval>1</ParaloopInterval>
          <ParaloopMaxLength>1000</ParaloopMaxLength>
          <ParaloopMinSpeed>10</ParaloopMinSpeed>
        </Param>
      </Paraloop>
      <Physics>
        <Param>
          <BoostStrength>200</BoostStrength>
          <NormalStrength>100</NormalStrength>
          <StompingStrength>200</StompingStrength>
        </Param>
      </Physics>
      <PitchRoll>
        <Param>
          <PitchRollRotateMaxVelocity>15</PitchRollRotateMaxVelocity>
          <PitchRollRotateMinVelocity>5</PitchRollRotateMinVelocity>
          <PitchRollRotateSpeedAccele>960</PitchRollRotateSpeedAccele>
          <PitchRollRotateSpeedInAirRate>0.4</PitchRollRotateSpeedInAirRate>
          <PitchRollRotateSpeedMax>720</PitchRollRotateSpeedMax>
          <PitchRollRotateSpeedMaxDif>15</PitchRollRotateSpeedMaxDif>
          <PitchRollRotateSpeedMaxVelocity>30</PitchRollRotateSpeedMaxVelocity>
          <PitchRollRotateSpeedMin>90</PitchRollRotateSpeedMin>
          <PitchRollRotateSpeedMinDif>0</PitchRollRotateSpeedMinDif>
          <PitchRollRotateSpeedMinVelocity>10</PitchRollRotateSpeedMinVelocity>
        </Param>
      </PitchRoll>
      <PtmRocket>
        <Param>
          <RocketAccel>2</RocketAccel>
          <RocketChargeEndTime>2.5</RocketChargeEndTime>
          <RocketForceScale>0.3</RocketForceScale>
          <RocketLaunchTime>1.5</RocketLaunchTime>
          <RocketMaxVelocity>60</RocketMaxVelocity>
          <RocketMinVelocity>20</RocketMinVelocity>
          <RocketVelocity>2.5</RocketVelocity>
        </Param>
      </PtmRocket>
      <PtmSpike>
        <Param>
          <SpikeBoostChargeTime1>1</SpikeBoostChargeTime1>
          <SpikeBoostChargeTime2>2</SpikeBoostChargeTime2>
          <SpikeBoostVelocity0>6</SpikeBoostVelocity0>
          <SpikeBoostVelocity1>8</SpikeBoostVelocity1>
          <SpikeBoostVelocity2>10</SpikeBoostVelocity2>
          <SpikeInvokeTime>10</SpikeInvokeTime>
        </Param>
      </PtmSpike>
      <QuickStep>
        <Param>
          <RunQuickStepMoveDistance>1</RunQuickStepMoveDistance>
          <RunQuickStepNextPathMin>1</RunQuickStepNextPathMin>
        </Param>
      </QuickStep>
      <ReactionPlate>
        <Param>
          <ReactionFailPushOutForce>20</ReactionFailPushOutForce>
          <ReactionJumpGravity>25</ReactionJumpGravity>
          <ReactionJumpMaxEnterVelocity>60</ReactionJumpMaxEnterVelocity>
          <ReactionJumpMaxVelocity>60</ReactionJumpMaxVelocity>
          <ReactionJumpMinEnterVelocity>40</ReactionJumpMinEnterVelocity>
          <ReactionJumpMinVelocity>40</ReactionJumpMinVelocity>
        </Param>
      </ReactionPlate>
      <Rotation>
        <Param>
          <RotationForce0>100</RotationForce0>
          <RotationForce1>80</RotationForce1>
          <RotationForce2>100</RotationForce2>
          <RotationForceMaxAngle>60</RotationForceMaxAngle>
          <RotationForceMinAngle>30</RotationForceMinAngle>
          <RotationForceRateMax>1</RotationForceRateMax>
          <RotationForceRateMin>0.5</RotationForceRateMin>
          <RotationForceVelocity0>60.0996</RotationForceVelocity0>
          <RotationForceVelocity1>70.3995</RotationForceVelocity1>
          <RotationForceVelocity2>3</RotationForceVelocity2>
        </Param>
      </Rotation>
      <Skill>
        <Param>
          <RocketStartNoControlTime>0.0100002</RocketStartNoControlTime>
          <RocketStartSpdKeepTime>3</RocketStartSpdKeepTime>
          <SkillAddChaosEnergyOnBoardJump>40</SkillAddChaosEnergyOnBoardJump>
          <SkillCountAquaBarrier>1</SkillCountAquaBarrier>
          <SkillCountBarrier>1</SkillCountBarrier>
          <SkillCountFlameBarrier>1</SkillCountFlameBarrier>
          <SkillCountHighSpeed>1</SkillCountHighSpeed>
          <SkillCountSkateBoard>1</SkillCountSkateBoard>
          <SkillCountThunderBarrier>1</SkillCountThunderBarrier>
          <SkillHighSpeedTime>5</SkillHighSpeedTime>
          <SkillPreciousTime>5</SkillPreciousTime>
          <SkillUnbeatenTime>5</SkillUnbeatenTime>
        </Param>
      </Skill>
      <SpinAttack>
        <Param>
          <SpinAttackAfterUpVelocity>17.5</SpinAttackAfterUpVelocity>
          <SpinAttackAfterUpVelocityStrong>20</SpinAttackAfterUpVelocityStrong>
          <SpinAttackThresholdVelocity>20</SpinAttackThresholdVelocity>
        </Param>
      </SpinAttack>
      <Squat_Sliding>
        <Param>
          <SlidingBrakeForce>1</SlidingBrakeForce>
          <SlidingMinTime>0.5</SlidingMinTime>
          <SquatKickInputTime>0.25</SquatKickInputTime>
          <SquatToSlidingSlope>15</SquatToSlidingSlope>
        </Param>
      </Squat_Sliding>
      <StageDirection>
        <Param>
          <DeadBgmFadeTime>0.4</DeadBgmFadeTime>
          <DeadBgmWaitTime>0.5</DeadBgmWaitTime>
          <DeadToRestartTime>0.8</DeadToRestartTime>
        </Param>
      </StageDirection>
      <Stagger>
        <Param>
          <StaggerNoInputSecond>0.11</StaggerNoInputSecond>
          <StaggerSearchDistance>0.8</StaggerSearchDistance>
          <StaggerStartVelocityLength>5</StaggerStartVelocityLength>
        </Param>
      </Stagger>
      <Stairs>
        <Param>
          <SquatAndSlidingStairsMax>0.1</SquatAndSlidingStairsMax>
          <StairsMax>0.3</StairsMax>
          <StairsSensitive>10</StairsSensitive>
          <VirtualStairsEnableMaxVelocity>20</VirtualStairsEnableMaxVelocity>
          <VirtualStairsMax>0.5</VirtualStairsMax>
        </Param>
      </Stairs>
      <Stomping>
        <Param>
          <StompingAccel>20</StompingAccel>
          <StompingAirDrag>0.1</StompingAirDrag>
          <StompingDisableTime>0.15</StompingDisableTime>
          <StompingDownFirstVelocity>40</StompingDownFirstVelocity>
          <StompingHorzDecForce>60</StompingHorzDecForce>
          <StompingMaxVelocity>90</StompingMaxVelocity>
          <StompingMinVertVeloicty>10</StompingMinVertVeloicty>
          <StompingStartAccel>0.8</StompingStartAccel>
        </Param>
      </Stomping>
      <Tram>
        <Param>
          <TramJumpPowerAdvancing>13</TramJumpPowerAdvancing>
          <TramJumpPowerBreak>10</TramJumpPowerBreak>
        </Param>
      </Tram>
      <WallCrashAndStumble>
        <Param>
          <CrashWallBorder>-47.5</CrashWallBorder>
          <IsEnableCrashWall>false</IsEnableCrashWall>
          <StumbleDecRate>0.3</StumbleDecRate>
          <StumbleDecTime>0.6</StumbleDecTime>
          <StumbleHeightMax>0.5</StumbleHeightMax>
          <StumbleInternalScale>0.15</StumbleInternalScale>
          <StumbleTime>1</StumbleTime>
          <StumbleVelocityMin>15</StumbleVelocityMin>
        </Param>
      </WallCrashAndStumble>
      <WallJump>
        <Param>
          <WallJumpAMinTime>0.2</WallJumpAMinTime>
          <WallJumpAtoBDistance>3.2</WallJumpAtoBDistance>
          <WallJumpAtoBTime>0.4</WallJumpAtoBTime>
          <WallJumpBtoCSpeed>0.109638</WallJumpBtoCSpeed>
          <WallJumpOutOfControlTime>0.25</WallJumpOutOfControlTime>
          <WallJumpReadyAccel>3.21</WallJumpReadyAccel>
          <WallJumpReadyAccelStartTime>1</WallJumpReadyAccelStartTime>
          <WallJumpReadyDisableAirTime>0</WallJumpReadyDisableAirTime>
          <WallJumpReadyGravity>2.80993</WallJumpReadyGravity>
          <WallJumpReadyMaxDownSpeed>8.00005</WallJumpReadyMaxDownSpeed>
          <WallJumpReadyMaxTime>1.4</WallJumpReadyMaxTime>
          <WallJumpReadyMinBottomDistance>0.01</WallJumpReadyMinBottomDistance>
          <WallJumpReadyMinTime>0.18</WallJumpReadyMinTime>
          <WallJumpReadyStopTime>0.2</WallJumpReadyStopTime>
        </Param>
      </WallJump>
      <WallPushing>
        <Param>
          <WallKickForce>43.2997</WallKickForce>
          <WallPushForce>400</WallPushForce>
          <WallPushLimitCharacterAngle>45</WallPushLimitCharacterAngle>
          <WallPushLimitInputIntensity>0.5</WallPushLimitInputIntensity>
          <WallPushStartTime>0.01</WallPushStartTime>
        </Param>
      </WallPushing>
      <Water>
        <Param>
          <AdditionalLimitTime>10</AdditionalLimitTime>
          <BuoyantForceMaxGravityRate>2</BuoyantForceMaxGravityRate>
          <BuoyantForceMaxVelocity>55</BuoyantForceMaxVelocity>
          <BuoyantForceZeroVelocity>5</BuoyantForceZeroVelocity>
          <LimitTimeToWaterWalk>30</LimitTimeToWaterWalk>
          <StartTimeToCountDown>18</StartTimeToCountDown>
          <WaterAddVelocity>6</WaterAddVelocity>
          <WaterDeadDownDepthMax>1.5</WaterDeadDownDepthMax>
          <WaterDeadDownDepthMaxSpeed>30</WaterDeadDownDepthMaxSpeed>
          <WaterDeadDownDepthMin>3</WaterDeadDownDepthMin>
          <WaterDecreaseForce>48.5778</WaterDecreaseForce>
          <WaterDecreaseForceInDeepDepth>10</WaterDecreaseForceInDeepDepth>
          <WaterDrowningDepthMin>0</WaterDrowningDepthMin>
          <WaterDrowningNoBoostTime>0.2</WaterDrowningNoBoostTime>
          <WaterGravityScale>0.27</WaterGravityScale>
          <WaterTensionMaxVelocity>30</WaterTensionMaxVelocity>
          <WaterTensionZeroVelocity>0</WaterTensionZeroVelocity>
        </Param>
      </Water>
    </Category>
  </Common>

  <DashMode>
    <Category>
      <Boost>
        <Param>
          <RotationForceInBoost>140</RotationForceInBoost>
        </Param>
      </Boost>
      <Correction>
        <Param>
          <SIDE_INTEPOLATE_DISTANCE>4</SIDE_INTEPOLATE_DISTANCE>
        </Param>
      </Correction>
      <QuickStep>
        <Param>
          <RunQuickStepMoveDistance>4</RunQuickStepMoveDistance>
        </Param>
      </QuickStep>
      <Rotation>
        <Param>
          <DashModePathCorrectSideSpeed>100</DashModePathCorrectSideSpeed>
          <DashModePathCorrectSideSpeedDigital>10</DashModePathCorrectSideSpeedDigital>
          <RotationForce0>120</RotationForce0>
          <RotationForce1>120</RotationForce1>
          <RotationForceVelocity0>10</RotationForceVelocity0>
          <RotationForceVelocity1>20</RotationForceVelocity1>
          <RotationSpeedMax>860</RotationSpeedMax>
        </Param>
      </Rotation>
      <SlopeRun>
        <Param>
          <DownForceEfficient>30</DownForceEfficient>
          <MoveEnableGroundAngleInner>30</MoveEnableGroundAngleInner>
          <MoveEnableGroundAngleOuter>30</MoveEnableGroundAngleOuter>
          <MoveEnableSearchDistance>0.1</MoveEnableSearchDistance>
        </Param>
      </SlopeRun>
    </Category>
  </DashMode>

  <Debug>
    <Category>
      <Damage>
        <Param>
          <DebugNoDamage>false</DebugNoDamage>
          <DebugNoDead>false</DebugNoDead>
          <DebugNoDeadDrowning>false</DebugNoDeadDrowning>
          <DebugNoDrowningImmediately>false</DebugNoDrowningImmediately>
          <DebugNoFallDead>false</DebugNoFallDead>
        </Param>
      </Damage>
      <Skill>
        <Param>
          <DebugSkillCancelEnabled>false</DebugSkillCancelEnabled>
          <DebugSkillSuperSonic>false</DebugSkillSuperSonic>
        </Param>
      </Skill>
    </Category>
  </Debug>

  <DigitalMove>
    <Category>
      <Move>
        <Param>
          <FRONT_BACK_ACC>120</FRONT_BACK_ACC>
          <FRONT_BACK_MIN_SPEED>20</FRONT_BACK_MIN_SPEED>
          <FRONT_BACK_SPEED>8</FRONT_BACK_SPEED>
          <SIDE_ACC>120</SIDE_ACC>
          <SIDE_SPEED>8</SIDE_SPEED>
        </Param>
      </Move>
    </Category>
  </DigitalMove>

  <Effect>
    <Category>
      <Smoke>
        <Param>
          <IsSmoke>true</IsSmoke>
        </Param>
      </Smoke>
    </Category>
  </Effect>

  <ForwardView>
    <Category>
      <AirBoost>
        <Param>
          <AirBoostCalibratedAirDragScale>11.5001</AirBoostCalibratedAirDragScale>
          <AirBoostGravityRate>0</AirBoostGravityRate>
          <AirBoostLevitationForce>0.1</AirBoostLevitationForce>
          <AirBoostLevitationTime>0.100001</AirBoostLevitationTime>
          <AirBoostStartVelocityRate>1.5</AirBoostStartVelocityRate>
          <AirBoostTime>0.1</AirBoostTime>
        </Param>
      </AirBoost>
      <BlockedEnemy>
        <Param>
          <BlockingEnemyMaxNum>5</BlockingEnemyMaxNum>
          <EnemyBlockedJumpPower1>13</EnemyBlockedJumpPower1>
          <EnemyBlockedJumpPowerDec>0.5</EnemyBlockedJumpPowerDec>
          <EnemyBlockedMaxSquatVelocity>4</EnemyBlockedMaxSquatVelocity>
          <EnemyBlockedMaxVelocity1>15</EnemyBlockedMaxVelocity1>
          <EnemyBlockedMaxVelocityDec>2</EnemyBlockedMaxVelocityDec>
          <EnemyBlockedRotationForce1>30</EnemyBlockedRotationForce1>
          <EnemyBlockedRotationForceDec>1</EnemyBlockedRotationForceDec>
          <EnemyBlockedRotationSpeedMax1>720</EnemyBlockedRotationSpeedMax1>
          <EnemyBlockedRotationSpeedMaxDec>30</EnemyBlockedRotationSpeedMaxDec>
          <EnemyBlockedSpringImpulseMax1>20</EnemyBlockedSpringImpulseMax1>
          <EnemyBlockedSpringImpulseMaxDec>2.5</EnemyBlockedSpringImpulseMaxDec>
          <EnemyBlockedSpringImpulseScale1>0.5</EnemyBlockedSpringImpulseScale1>
          <EnemyBlockedSpringImpulseScaleDec>0.02</EnemyBlockedSpringImpulseScaleDec>
        </Param>
      </BlockedEnemy>
      <Board>
        <Param>
          <KeepRunningMaxVelocityOnBoard>60</KeepRunningMaxVelocityOnBoard>
          <KeepRunningMinVelocityOnBoard>20</KeepRunningMinVelocityOnBoard>
        </Param>
      </Board>
      <Boost>
        <Param>
          <BoostAccelerationForce>37.5</BoostAccelerationForce>
          <BoostAccelerationForceWhenSlow>60</BoostAccelerationForceWhenSlow>
          <BoostCancelBrakeTime>0.5</BoostCancelBrakeTime>
          <BoostInAirKeepTime>1.5</BoostInAirKeepTime>
          <BoostMaxVelocityScaleLv0>1.4</BoostMaxVelocityScaleLv0>
          <BoostMaxVelocityScaleLvMax>1.5</BoostMaxVelocityScaleLvMax>
          <BoostMinVelocity>20</BoostMinVelocity>
          <BoostStartVelocityRate>1.2</BoostStartVelocityRate>
          <SIDE_DECRASE_FORCE_IN_BOOST>80</SIDE_DECRASE_FORCE_IN_BOOST>
        </Param>
      </Boost>
      <BoundJump>
        <Param>
          <BoudnJumpVelocity>13</BoudnJumpVelocity>
          <BoundJumpBeforeVelocity>40</BoundJumpBeforeVelocity>
          <BoundJumpGravityScale>0.4</BoundJumpGravityScale>
        </Param>
      </BoundJump>
      <Brake>
        <Param>
          <BrakeDownForceEnableSpeed>15</BrakeDownForceEnableSpeed>
          <BrakeEnableSpeed>20</BrakeEnableSpeed>
          <BrakeEndSpeed>35</BrakeEndSpeed>
          <BrakeForce>80.1996</BrakeForce>
          <BrakeForceScaleOfLarge>1</BrakeForceScaleOfLarge>
          <BrakeForceScaleOfSkill>4</BrakeForceScaleOfSkill>
          <BrakeLargeSpeed>80</BrakeLargeSpeed>
          <WalkBrakeForce>120</WalkBrakeForce>
        </Param>
      </Brake>
      <Grind>
        <Param>
          <GrindCurveDecreaseForce>10</GrindCurveDecreaseForce>
        </Param>
      </Grind>
      <HipSliding>
        <Param>
          <HipSlidingMaxVelocity>70.608</HipSlidingMaxVelocity>
          <HipSlidingVelocity>35</HipSlidingVelocity>
        </Param>
      </HipSliding>
      <HomingAttack>
        <Param>
          <HomingAttackAfterUpVelocity>18</HomingAttackAfterUpVelocity>
          <HomingBackEnableSpeed>15</HomingBackEnableSpeed>
          <HomingCalibratedAirDragScale>3.5</HomingCalibratedAirDragScale>
          <HomingInertiaForceRate>0.1</HomingInertiaForceRate>
          <HomingLockonCollisionAspect>1</HomingLockonCollisionAspect>
          <HomingLockonCollisionAspectN>1</HomingLockonCollisionAspectN>
          <HomingLockonCollisionFar>20</HomingLockonCollisionFar>
          <HomingLockonCollisionFarN>20</HomingLockonCollisionFarN>
          <HomingLockonCollisionFovy>53</HomingLockonCollisionFovy>
          <HomingLockonCollisionFovyN>53</HomingLockonCollisionFovyN>
          <HomingLockonCollisionNear>1.2</HomingLockonCollisionNear>
          <HomingLockonCollisionNearN>1.2</HomingLockonCollisionNearN>
          <HomingLockonCollisionOffsetX>-1.01</HomingLockonCollisionOffsetX>
          <HomingLockonCollisionOffsetXN>-1.01</HomingLockonCollisionOffsetXN>
          <HomingLockonCollisionOffsetY>0.24</HomingLockonCollisionOffsetY>
          <HomingLockonCollisionOffsetYN>0.26</HomingLockonCollisionOffsetYN>
          <HomingLockonCollisionRotationX>25</HomingLockonCollisionRotationX>
          <HomingLockonCollisionRotationXN>25</HomingLockonCollisionRotationXN>
          <HomingLockonKeepBack>0.5</HomingLockonKeepBack>
          <HomingLockonKeepDownOffset>1</HomingLockonKeepDownOffset>
          <HomingLockonKeepDownSlope>1</HomingLockonKeepDownSlope>
          <HomingLockonKeepUpOffset>0</HomingLockonKeepUpOffset>
          <HomingLockonKeepUpSlope>0.3</HomingLockonKeepUpSlope>
          <HomingNoLockonKeepTime>0.24</HomingNoLockonKeepTime>
          <HomingSpeed>70.0002</HomingSpeed>
          <HomingSpeedOfDummy>45.0997</HomingSpeedOfDummy>
          <IsHomingLockonCollisionEdit>false</IsHomingLockonCollisionEdit>
        </Param>
      </HomingAttack>
      <Jump>
        <Param>
          <JumpGroundVelocityXZRate>1</JumpGroundVelocityXZRate>
          <JumpGroundVelocityYRate>1</JumpGroundVelocityYRate>
          <JumpPower>17</JumpPower>
          <JumpPowerBySkill>10</JumpPowerBySkill>
          <JumpPowerDamageAir>75.0191</JumpPowerDamageAir>
          <JumpPowerMin>6</JumpPowerMin>
          <JumpPowerMinOnBoard>6</JumpPowerMinOnBoard>
          <JumpPowerOnBoard>15.01</JumpPowerOnBoard>
          <KickbackPower>10</KickbackPower>
          <MaxUpSpeedWhenJump>18</MaxUpSpeedWhenJump>
        </Param>
      </Jump>
      <Land>
        <Param>
          <LandStrongMaxHorzSpeed>15</LandStrongMaxHorzSpeed>
          <LandStrongMinVertSpeed>35</LandStrongMinVertSpeed>
        </Param>
      </Land>
      <NoGroundStop>
        <Param>
          <FrontNoGroundStopMaxSpeed>5</FrontNoGroundStopMaxSpeed>
        </Param>
      </NoGroundStop>
      <Other>
        <Param>
          <Gravity>35</Gravity>
          <MOVE_SIDE_PAD_LIMIT>0.5</MOVE_SIDE_PAD_LIMIT>
          <MaxUpSpeedWhenBound>10</MaxUpSpeedWhenBound>
          <PathBinrmCorrectionAngle>60</PathBinrmCorrectionAngle>
          <PathBinrmCorrectionOffset>1</PathBinrmCorrectionOffset>
        </Param>
      </Other>
      <Physics>
        <Param>
          <VelocityStrengthScale>1</VelocityStrengthScale>
        </Param>
      </Physics>
      <Rotation>
        <Param>
          <RotationForceInAir>60</RotationForceInAir>
          <RotationForceInBoardAir>5.00989</RotationForceInBoardAir>
          <RotationForceRateInAir>0.6</RotationForceRateInAir>
          <RotationForceRateInBoardAir>0.6</RotationForceRateInBoardAir>
          <RotationSpeedMax>500</RotationSpeedMax>
        </Param>
      </Rotation>
      <SlopeRun>
        <Param>
          <DownForceEfficient>67</DownForceEfficient>
          <DynamicFrictionalForce>30</DynamicFrictionalForce>
          <DynamicFrictionalForceCoef>1.2</DynamicFrictionalForceCoef>
          <DynamicResistanceForceWhenRun>11</DynamicResistanceForceWhenRun>
          <DynamicResistanceForceWhenStand>22</DynamicResistanceForceWhenStand>
          <LandEnableMaxSlope>45</LandEnableMaxSlope>
          <MoveEnableGroundAngleInner>32</MoveEnableGroundAngleInner>
          <MoveEnableGroundAngleOuter>32</MoveEnableGroundAngleOuter>
          <MoveEnableSearchDistance>0.1</MoveEnableSearchDistance>
          <MoveHoldingMinVelocity>15</MoveHoldingMinVelocity>
          <StaticFrictionalForce>60</StaticFrictionalForce>
          <StaticResistanceForceWhenRun>11</StaticResistanceForceWhenRun>
          <StaticResistanceForceWhenStand>40</StaticResistanceForceWhenStand>
          <WallRunCancelVelocity>20</WallRunCancelVelocity>
          <WallRunCancelVelocityNoRun>25</WallRunCancelVelocityNoRun>
        </Param>
      </SlopeRun>
      <Squat_Sliding>
        <Param>
          <FinishSlidingVelocity>1000</FinishSlidingVelocity>
        </Param>
      </Squat_Sliding>
      <Velocity>
        <Param>
          <AccelerationForce>12.0999</AccelerationForce>
          <AccelerationForceBaseUp>20</AccelerationForceBaseUp>
          <AccelerationForceBySkill>30</AccelerationForceBySkill>
          <AccelerationForceOnBoard>25</AccelerationForceOnBoard>
          <DecelerationForceHigh>25.0001</DecelerationForceHigh>
          <DecelerationForceLow>50.0997</DecelerationForceLow>
          <InAirForceAccelRate>0.71</InAirForceAccelRate>
          <InAirForceAccelRateInLowSpd>1.4</InAirForceAccelRateInLowSpd>
          <InAirForceAccelRateOnBoard>0.150001</InAirForceAccelRateOnBoard>
          <InAirForceBrakeRate>0.81</InAirForceBrakeRate>
          <InAirForceBrakeRateInLowSpd>0.7</InAirForceBrakeRateInLowSpd>
          <InAirForceBrakeRateOnBoard>0.4</InAirForceBrakeRateOnBoard>
          <InAirForceDecRate>0.61</InAirForceDecRate>
          <InAirForceDecRateInLowSpd>0.41</InAirForceDecRateInLowSpd>
          <InAirForceDecRateOnBoard>0.18</InAirForceDecRateOnBoard>
          <InAirLowSpdThreshold>15.0499</InAirLowSpdThreshold>
          <InAirMaxAccelVelocity>50.0998</InAirMaxAccelVelocity>
          <InAirMaxAccelVelocityInLowSpd>15.0001</InAirMaxAccelVelocityInLowSpd>
          <InAirMaxAccelVelocityOfNormalJump>23.0099</InAirMaxAccelVelocityOfNormalJump>
          <LOW_SPEED_MAX>30</LOW_SPEED_MAX>
          <LOW_TO_HIGH_TIME>0.1</LOW_TO_HIGH_TIME>
          <LimitTimeOfSpin>0.5</LimitTimeOfSpin>
          <MaxDownVelocity>60</MaxDownVelocity>
          <MaxHorzVelocity>145</MaxHorzVelocity>
          <MaxUpVelocity>70</MaxUpVelocity>
          <MaxVelocityBasis>70</MaxVelocityBasis>
          <MaxVelocityBasisBaseUp>40</MaxVelocityBasisBaseUp>
          <MaxVelocityFinalMax>90</MaxVelocityFinalMax>
          <MaxVelocitySonicToSpin>85.0993</MaxVelocitySonicToSpin>
          <MaxVelocitySpinToSonic>75.0994</MaxVelocitySpinToSonic>
          <NoPadStopWalkBeginMaxVelocity>15</NoPadStopWalkBeginMaxVelocity>
          <NoPadStopWalkDecelerationForce>50</NoPadStopWalkDecelerationForce>
          <NoPadStopWalkPadLengthLimit>0.3</NoPadStopWalkPadLengthLimit>
          <SIDE_DECRASE_FORCE_IN_HIGHMODE>5</SIDE_DECRASE_FORCE_IN_HIGHMODE>
          <SIDE_DECRASE_FORCE_IN_LOWMODE>20</SIDE_DECRASE_FORCE_IN_LOWMODE>
          <SlipToWalkVelocity>26</SlipToWalkVelocity>
          <SlopeVelocityKeepRate>0</SlopeVelocityKeepRate>
        </Param>
      </Velocity>
      <VelocityCorrect>
        <Param>
          <AdditinalMaxVelocityBySkill>0</AdditinalMaxVelocityBySkill>
          <AdditinalMaxVelocityLv1>0</AdditinalMaxVelocityLv1>
          <AdditinalMaxVelocityLv10>0</AdditinalMaxVelocityLv10>
          <AdditinalMaxVelocityLv2>0</AdditinalMaxVelocityLv2>
          <AdditinalMaxVelocityLv3>0</AdditinalMaxVelocityLv3>
          <AdditinalMaxVelocityLv4>0</AdditinalMaxVelocityLv4>
          <AdditinalMaxVelocityLv5>0</AdditinalMaxVelocityLv5>
          <AdditinalMaxVelocityLv6>0</AdditinalMaxVelocityLv6>
          <AdditinalMaxVelocityLv7>0</AdditinalMaxVelocityLv7>
          <AdditinalMaxVelocityLv8>0</AdditinalMaxVelocityLv8>
          <AdditinalMaxVelocityLv9>0</AdditinalMaxVelocityLv9>
        </Param>
      </VelocityCorrect>
      <WallJump>
        <Param>
          <WallJumpFrontForce>15</WallJumpFrontForce>
          <WallJumpReadyBorder>-10</WallJumpReadyBorder>
          <WallJumpUpForce>15</WallJumpUpForce>
        </Param>
      </WallJump>
      <WallPushing>
        <Param>
          <WallPushSpeed>20.2</WallPushSpeed>
        </Param>
      </WallPushing>
    </Category>
  </ForwardView>

  <OnIce2D>
    <Category>
      <Boost>
        <Param>
          <BoostAccelerationForce>20</BoostAccelerationForce>
        </Param>
      </Boost>
      <SlopeRun>
        <Param>
          <DynamicFrictionalForce>5</DynamicFrictionalForce>
          <StaticFrictionalForce>5</StaticFrictionalForce>
        </Param>
      </SlopeRun>
      <Velocity>
        <Param>
          <AccelerationForce>10</AccelerationForce>
          <AccelerationForceBaseUp>25</AccelerationForceBaseUp>
          <AccelerationForceBySkill>25</AccelerationForceBySkill>
          <MaxVelocityBasisBaseUp>40</MaxVelocityBasisBaseUp>
        </Param>
      </Velocity>
    </Category>
  </OnIce2D>

  <OnIce3D>
    <Category>
      <Boost>
        <Param>
          <BoostAccelerationForce>30</BoostAccelerationForce>
        </Param>
      </Boost>
      <SlopeRun>
        <Param>
          <DynamicFrictionalForce>5</DynamicFrictionalForce>
          <StaticFrictionalForce>5</StaticFrictionalForce>
        </Param>
      </SlopeRun>
      <Velocity>
        <Param>
          <AccelerationForce>20</AccelerationForce>
          <AccelerationForceBaseUp>25</AccelerationForceBaseUp>
          <AccelerationForceBySkill>25</AccelerationForceBySkill>
          <MaxVelocityBasisBaseUp>40</MaxVelocityBasisBaseUp>
        </Param>
      </Velocity>
    </Category>
  </OnIce3D>

  <OnSlip2D>
    <Category>
      <SlopeRun>
        <Param>
          <DynamicFrictionalForce>30</DynamicFrictionalForce>
          <StaticFrictionalForce>60</StaticFrictionalForce>
        </Param>
      </SlopeRun>
      <Velocity>
        <Param>
          <AccelerationForce>10</AccelerationForce>
          <AccelerationForceBaseUp>25</AccelerationForceBaseUp>
          <AccelerationForceBySkill>25</AccelerationForceBySkill>
          <MaxVelocityBasisBaseUp>40</MaxVelocityBasisBaseUp>
        </Param>
      </Velocity>
    </Category>
  </OnSlip2D>

  <OnSlip3D>
    <Category>
      <SlopeRun>
        <Param>
          <DynamicFrictionalForce>30</DynamicFrictionalForce>
          <StaticFrictionalForce>60</StaticFrictionalForce>
        </Param>
      </SlopeRun>
      <Velocity>
        <Param>
          <AccelerationForce>20</AccelerationForce>
          <AccelerationForceBaseUp>25</AccelerationForceBaseUp>
          <AccelerationForceBySkill>25</AccelerationForceBySkill>
          <MaxVelocityBasisBaseUp>40</MaxVelocityBasisBaseUp>
        </Param>
      </Velocity>
    </Category>
  </OnSlip3D>

  <OnWater>
    <Category>
      <Boost>
        <Param>
          <BoostStartVelocityRate>1.2</BoostStartVelocityRate>
          <ROTATION_FORCE_IN_WATER_BOOST>35</ROTATION_FORCE_IN_WATER_BOOST>
        </Param>
      </Boost>
      <HomingAttack>
        <Param>
          <HomingAttackAfterUpVelocity>17</HomingAttackAfterUpVelocity>
        </Param>
      </HomingAttack>
      <Input>
        <Param>
          <PadInputForceCoeffInAir>0.55</PadInputForceCoeffInAir>
        </Param>
      </Input>
      <Jump>
        <Param>
          <JumpGroundVelocityXZRate>1</JumpGroundVelocityXZRate>
          <JumpGroundVelocityYRate>1</JumpGroundVelocityYRate>
          <JumpPower>10</JumpPower>
          <JumpPowerBySkill>10</JumpPowerBySkill>
          <JumpPowerDamageAir>10</JumpPowerDamageAir>
          <JumpPowerMin>5</JumpPowerMin>
          <JumpPowerMinOnBoard>5</JumpPowerMinOnBoard>
          <JumpPowerOnBoard>17</JumpPowerOnBoard>
          <KickbackPower>10</KickbackPower>
          <MaxUpSpeedWhenJump>10.001</MaxUpSpeedWhenJump>
        </Param>
      </Jump>
      <Other>
        <Param>
          <AttackAfterImpluseVelocityCoeff>0.55</AttackAfterImpluseVelocityCoeff>
          <SpringImpluseVelocityCoeff>1</SpringImpluseVelocityCoeff>
        </Param>
      </Other>
      <Rotation>
        <Param>
          <ROTATION_FORCE_IN_WATER>80</ROTATION_FORCE_IN_WATER>
        </Param>
      </Rotation>
      <Velocity>
        <Param>
          <AccelerationForce>12.5</AccelerationForce>
          <AccelerationForceBaseUp>25</AccelerationForceBaseUp>
          <AccelerationForceBySkill>25</AccelerationForceBySkill>
          <MaxVelocityBasisBaseUp>40</MaxVelocityBasisBaseUp>
        </Param>
      </Velocity>
    </Category>
  </OnWater>

  <QSM>
    <Category>
      <Boost>
        <Param>
          <RotationForceInBoost>90</RotationForceInBoost>
        </Param>
      </Boost>
      <Rotation>
        <Param>
          <DashModePathCorrectSideSpeed>100</DashModePathCorrectSideSpeed>
          <DashModePathCorrectSideSpeedDigital>10</DashModePathCorrectSideSpeedDigital>
          <RotationForce0>30</RotationForce0>
          <RotationForce1>30</RotationForce1>
          <RotationForceVelocity0>10</RotationForceVelocity0>
          <RotationForceVelocity1>20</RotationForceVelocity1>
          <RotationSpeedMax>860</RotationSpeedMax>
        </Param>
      </Rotation>
    </Category>
  </QSM>

  <ShoesSliding2D>
    <Category>
      <Velocity>
        <Param>
          <AccelerationForce>10</AccelerationForce>
          <AccelerationForceBaseUp>25</AccelerationForceBaseUp>
          <AccelerationForceBySkill>25</AccelerationForceBySkill>
          <MaxVelocityBasisBaseUp>40</MaxVelocityBasisBaseUp>
        </Param>
      </Velocity>
    </Category>
  </ShoesSliding2D>

  <ShoesSliding3D>
    <Category>
      <Velocity>
        <Param>
          <AccelerationForce>10</AccelerationForce>
          <AccelerationForceBaseUp>25</AccelerationForceBaseUp>
          <AccelerationForceBySkill>25</AccelerationForceBySkill>
          <MaxVelocityBasisBaseUp>40</MaxVelocityBasisBaseUp>
        </Param>
      </Velocity>
    </Category>
  </ShoesSliding3D>

  <SideView>
    <Category>
      <AirBoost>
        <Param>
          <AirBoostCalibratedAirDragScale>5.00002</AirBoostCalibratedAirDragScale>
          <AirBoostGravityRate>0</AirBoostGravityRate>
          <AirBoostLevitationForce>0.0100002</AirBoostLevitationForce>
          <AirBoostLevitationTime>0.0100007</AirBoostLevitationTime>
          <AirBoostStartVelocityRate>1.5</AirBoostStartVelocityRate>
          <AirBoostTime>0.3</AirBoostTime>
        </Param>
      </AirBoost>
      <BlockedEnemy>
        <Param>
          <BlockingEnemyMaxNum>5</BlockingEnemyMaxNum>
          <EnemyBlockedJumpPower1>13</EnemyBlockedJumpPower1>
          <EnemyBlockedJumpPowerDec>0.5</EnemyBlockedJumpPowerDec>
          <EnemyBlockedMaxSquatVelocity>4</EnemyBlockedMaxSquatVelocity>
          <EnemyBlockedMaxVelocity1>10</EnemyBlockedMaxVelocity1>
          <EnemyBlockedMaxVelocityDec>1</EnemyBlockedMaxVelocityDec>
          <EnemyBlockedRotationSpeedMax1>720</EnemyBlockedRotationSpeedMax1>
          <EnemyBlockedRotationSpeedMaxDec>30</EnemyBlockedRotationSpeedMaxDec>
          <EnemyBlockedSpringImpulseMax1>20</EnemyBlockedSpringImpulseMax1>
          <EnemyBlockedSpringImpulseMaxDec>2.5</EnemyBlockedSpringImpulseMaxDec>
          <EnemyBlockedSpringImpulseScale1>0.5</EnemyBlockedSpringImpulseScale1>
          <EnemyBlockedSpringImpulseScaleDec>0.02</EnemyBlockedSpringImpulseScaleDec>
        </Param>
      </BlockedEnemy>
      <Board>
        <Param>
          <KeepRunningMaxVelocityOnBoard>60</KeepRunningMaxVelocityOnBoard>
          <KeepRunningMinVelocityOnBoard>3</KeepRunningMinVelocityOnBoard>
        </Param>
      </Board>
      <Boost>
        <Param>
          <BoostAccelerationForce>22.5</BoostAccelerationForce>
          <BoostAccelerationForceWhenSlow>40</BoostAccelerationForceWhenSlow>
          <BoostCancelBrakeTime>0.5</BoostCancelBrakeTime>
          <BoostInAirKeepTime>1.5</BoostInAirKeepTime>
          <BoostMaxVelocityScaleLv0>1.5</BoostMaxVelocityScaleLv0>
          <BoostMaxVelocityScaleLvMax>1.6</BoostMaxVelocityScaleLvMax>
          <BoostMinVelocity>10</BoostMinVelocity>
          <BoostStartVelocityRate>1.2</BoostStartVelocityRate>
        </Param>
      </Boost>
      <BoundJump>
        <Param>
          <BoudnJumpVelocity>13</BoudnJumpVelocity>
          <BoundJumpBeforeVelocity>40</BoundJumpBeforeVelocity>
          <BoundJumpGravityScale>0.4</BoundJumpGravityScale>
        </Param>
      </BoundJump>
      <Brake>
        <Param>
          <BrakeDownForceEnableSpeed>15</BrakeDownForceEnableSpeed>
          <BrakeEnableSpeed>12</BrakeEnableSpeed>
          <BrakeEndSpeed>20</BrakeEndSpeed>
          <BrakeForce>40</BrakeForce>
          <BrakeForceScaleOfLarge>1</BrakeForceScaleOfLarge>
          <BrakeForceScaleOfSkill>4</BrakeForceScaleOfSkill>
          <BrakeLargeSpeed>40</BrakeLargeSpeed>
          <WalkBrakeForce>100</WalkBrakeForce>
        </Param>
      </Brake>
      <Grind>
        <Param>
          <GrindCurveDecreaseForce>0</GrindCurveDecreaseForce>
        </Param>
      </Grind>
      <HipSliding>
        <Param>
          <HipSlidingMaxVelocity>30</HipSlidingMaxVelocity>
          <HipSlidingVelocity>60</HipSlidingVelocity>
        </Param>
      </HipSliding>
      <HomingAttack>
        <Param>
          <HomingAttackAfterUpVelocity>18.3</HomingAttackAfterUpVelocity>
          <HomingBackEnableSpeed>10</HomingBackEnableSpeed>
          <HomingCalibratedAirDragScale>20.0003</HomingCalibratedAirDragScale>
          <HomingInertiaForceRate>0.1</HomingInertiaForceRate>
          <HomingLockonCollisionAspect>0.3</HomingLockonCollisionAspect>
          <HomingLockonCollisionAspectN>0.3</HomingLockonCollisionAspectN>
          <HomingLockonCollisionFar>13.5</HomingLockonCollisionFar>
          <HomingLockonCollisionFarN>17.8</HomingLockonCollisionFarN>
          <HomingLockonCollisionFovy>40</HomingLockonCollisionFovy>
          <HomingLockonCollisionFovyN>30</HomingLockonCollisionFovyN>
          <HomingLockonCollisionNear>1.2</HomingLockonCollisionNear>
          <HomingLockonCollisionNearN>6.3</HomingLockonCollisionNearN>
          <HomingLockonCollisionOffsetX>-1.02</HomingLockonCollisionOffsetX>
          <HomingLockonCollisionOffsetXN>-6.34005</HomingLockonCollisionOffsetXN>
          <HomingLockonCollisionOffsetY>0.26</HomingLockonCollisionOffsetY>
          <HomingLockonCollisionOffsetYN>-0.74</HomingLockonCollisionOffsetYN>
          <HomingLockonCollisionRotationX>23.3</HomingLockonCollisionRotationX>
          <HomingLockonCollisionRotationXN>13.0999</HomingLockonCollisionRotationXN>
          <HomingLockonKeepBack>0.5</HomingLockonKeepBack>
          <HomingLockonKeepDownOffset>1</HomingLockonKeepDownOffset>
          <HomingLockonKeepDownSlope>1</HomingLockonKeepDownSlope>
          <HomingLockonKeepUpOffset>0</HomingLockonKeepUpOffset>
          <HomingLockonKeepUpSlope>0.3</HomingLockonKeepUpSlope>
          <HomingNoLockonKeepTime>0.27</HomingNoLockonKeepTime>
          <HomingSpeed>50.3003</HomingSpeed>
          <HomingSpeedOfDummy>18.1</HomingSpeedOfDummy>
          <IsHomingLockonCollisionEdit>false</IsHomingLockonCollisionEdit>
        </Param>
      </HomingAttack>
      <Jump>
        <Param>
          <JumpGroundVelocityXZRate>1</JumpGroundVelocityXZRate>
          <JumpGroundVelocityYRate>0.66</JumpGroundVelocityYRate>
          <JumpPower>17</JumpPower>
          <JumpPowerBySkill>10</JumpPowerBySkill>
          <JumpPowerDamageAir>30</JumpPowerDamageAir>
          <JumpPowerMin>6</JumpPowerMin>
          <JumpPowerMinOnBoard>6</JumpPowerMinOnBoard>
          <JumpPowerOnBoard>17</JumpPowerOnBoard>
          <KickbackPower>10</KickbackPower>
          <MaxUpSpeedWhenJump>8</MaxUpSpeedWhenJump>
        </Param>
      </Jump>
      <Land>
        <Param>
          <LandStrongMaxHorzSpeed>15</LandStrongMaxHorzSpeed>
          <LandStrongMinVertSpeed>35</LandStrongMinVertSpeed>
        </Param>
      </Land>
      <NoGroundStop>
        <Param>
          <FrontNoGroundStopMaxSpeed>3</FrontNoGroundStopMaxSpeed>
        </Param>
      </NoGroundStop>
      <Other>
        <Param>
          <Gravity>35</Gravity>
          <MaxUpSpeedWhenBound>8</MaxUpSpeedWhenBound>
          <PathBinrmCorrectionAngle>60</PathBinrmCorrectionAngle>
          <PathBinrmCorrectionOffset>1</PathBinrmCorrectionOffset>
          <SideViewPushOutMinForce>5</SideViewPushOutMinForce>
          <SideViewPushOutRecoverStartTime>1</SideViewPushOutRecoverStartTime>
        </Param>
      </Other>
      <Physics>
        <Param>
          <VelocityStrengthScale>2</VelocityStrengthScale>
        </Param>
      </Physics>
      <PitchRoll>
        <Param>
          <PitchRollRotateSpeedAccele>3600</PitchRollRotateSpeedAccele>
          <PitchRollRotateSpeedInAirRate>0.4</PitchRollRotateSpeedInAirRate>
          <PitchRollRotateSpeedMax>720</PitchRollRotateSpeedMax>
          <PitchRollRotateSpeedMaxDif>15</PitchRollRotateSpeedMaxDif>
          <PitchRollRotateSpeedMaxVelocity>30</PitchRollRotateSpeedMaxVelocity>
          <PitchRollRotateSpeedMin>720</PitchRollRotateSpeedMin>
          <PitchRollRotateSpeedMinDif>0</PitchRollRotateSpeedMinDif>
          <PitchRollRotateSpeedMinVelocity>10</PitchRollRotateSpeedMinVelocity>
        </Param>
      </PitchRoll>
      <Rotation>
        <Param>
          <RotationSpeedMax>1500</RotationSpeedMax>
        </Param>
      </Rotation>
      <SlopeRun>
        <Param>
          <DownForceEfficient>10</DownForceEfficient>
          <DynamicFrictionalForce>30</DynamicFrictionalForce>
          <DynamicFrictionalForceCoef>1.2</DynamicFrictionalForceCoef>
          <DynamicResistanceForceWhenRun>25</DynamicResistanceForceWhenRun>
          <DynamicResistanceForceWhenStand>22</DynamicResistanceForceWhenStand>
          <LandEnableMaxSlope>45</LandEnableMaxSlope>
          <MoveEnableGroundAngleInner>36</MoveEnableGroundAngleInner>
          <MoveEnableGroundAngleOuter>36</MoveEnableGroundAngleOuter>
          <MoveEnableSearchDistance>0.1</MoveEnableSearchDistance>
          <MoveHoldingMinVelocity>5</MoveHoldingMinVelocity>
          <StaticFrictionalForce>60</StaticFrictionalForce>
          <StaticResistanceForceWhenRun>25</StaticResistanceForceWhenRun>
          <StaticResistanceForceWhenStand>40</StaticResistanceForceWhenStand>
          <WallRunCancelVelocity>0</WallRunCancelVelocity>
          <WallRunCancelVelocityNoRun>15</WallRunCancelVelocityNoRun>
        </Param>
      </SlopeRun>
      <Squat_Sliding>
        <Param>
          <FinishSlidingVelocity>20</FinishSlidingVelocity>
        </Param>
      </Squat_Sliding>
      <Velocity>
        <Param>
          <AccelerationForce>12.5</AccelerationForce>
          <AccelerationForceBaseUp>25</AccelerationForceBaseUp>
          <AccelerationForceBySkill>12.5</AccelerationForceBySkill>
          <AccelerationForceOnBoard>12.5</AccelerationForceOnBoard>
          <DecelerationForceHigh>12.5</DecelerationForceHigh>
          <DecelerationForceLow>25</DecelerationForceLow>
          <InAirForceAccelRate>1.2</InAirForceAccelRate>
          <InAirForceAccelRateInLowSpd>1.2</InAirForceAccelRateInLowSpd>
          <InAirForceAccelRateOnBoard>1</InAirForceAccelRateOnBoard>
          <InAirForceBrakeRate>0.7</InAirForceBrakeRate>
          <InAirForceBrakeRateInLowSpd>0.7</InAirForceBrakeRateInLowSpd>
          <InAirForceBrakeRateOnBoard>0.4</InAirForceBrakeRateOnBoard>
          <InAirForceDecRate>0.2</InAirForceDecRate>
          <InAirForceDecRateInLowSpd>0.2</InAirForceDecRateInLowSpd>
          <InAirForceDecRateOnBoard>0.2</InAirForceDecRateOnBoard>
          <InAirLowSpdThreshold>15</InAirLowSpdThreshold>
          <InAirMaxAccelVelocity>30.0005</InAirMaxAccelVelocity>
          <InAirMaxAccelVelocityInLowSpd>10</InAirMaxAccelVelocityInLowSpd>
          <InAirMaxAccelVelocityOfNormalJump>30.0001</InAirMaxAccelVelocityOfNormalJump>
          <LimitTimeOfSpin>0.5</LimitTimeOfSpin>
          <MaxDownVelocity>30</MaxDownVelocity>
          <MaxHorzVelocity>145</MaxHorzVelocity>
          <MaxUpVelocity>70</MaxUpVelocity>
          <MaxVelocityBasis>35</MaxVelocityBasis>
          <MaxVelocityBasisBaseUp>40</MaxVelocityBasisBaseUp>
          <MaxVelocityFinalMax>145</MaxVelocityFinalMax>
          <MaxVelocitySonicToSpin>40.1</MaxVelocitySonicToSpin>
          <MaxVelocitySpinToSonic>35.2</MaxVelocitySpinToSonic>
          <NoPadStopWalkBeginMaxVelocity>10</NoPadStopWalkBeginMaxVelocity>
          <NoPadStopWalkDecelerationForce>40</NoPadStopWalkDecelerationForce>
          <NoPadStopWalkPadLengthLimit>0.3</NoPadStopWalkPadLengthLimit>
          <SlipToWalkVelocity>26</SlipToWalkVelocity>
          <SlopeVelocityKeepRate>0.5</SlopeVelocityKeepRate>
        </Param>
      </Velocity>
      <VelocityCorrect>
        <Param>
          <AdditinalMaxVelocityBySkill>0</AdditinalMaxVelocityBySkill>
          <AdditinalMaxVelocityLv1>0</AdditinalMaxVelocityLv1>
          <AdditinalMaxVelocityLv10>0</AdditinalMaxVelocityLv10>
          <AdditinalMaxVelocityLv2>0</AdditinalMaxVelocityLv2>
          <AdditinalMaxVelocityLv3>0</AdditinalMaxVelocityLv3>
          <AdditinalMaxVelocityLv4>0</AdditinalMaxVelocityLv4>
          <AdditinalMaxVelocityLv5>0</AdditinalMaxVelocityLv5>
          <AdditinalMaxVelocityLv6>0</AdditinalMaxVelocityLv6>
          <AdditinalMaxVelocityLv7>0</AdditinalMaxVelocityLv7>
          <AdditinalMaxVelocityLv8>0</AdditinalMaxVelocityLv8>
          <AdditinalMaxVelocityLv9>0</AdditinalMaxVelocityLv9>
        </Param>
      </VelocityCorrect>
      <WallJump>
        <Param>
          <WallJumpFrontForce>25</WallJumpFrontForce>
          <WallJumpReadyBorder>0</WallJumpReadyBorder>
          <WallJumpUpForce>15</WallJumpUpForce>
        </Param>
      </WallJump>
      <WallPushing>
        <Param>
          <WallPushSpeed>10</WallPushSpeed>
        </Param>
      </WallPushing>
    </Category>
  </SideView>

  <SkateBoardMode>
    <Category>
      <Drift>
        <Param>
          <BorderTimeOfBrakeCancelForStartDrift>0.25</BorderTimeOfBrakeCancelForStartDrift>
          <DriftAngleReturnForce>3.5</DriftAngleReturnForce>
          <DriftAngleReturnForceLowSpeed>3.5</DriftAngleReturnForceLowSpeed>
          <DriftBoostYawOffset>20</DriftBoostYawOffset>
          <DriftFailureAddVelocity>10</DriftFailureAddVelocity>
          <DriftFinishAngle>40</DriftFinishAngle>
          <DriftFinishSideVelocity>5</DriftFinishSideVelocity>
          <DriftFinishVelocity>20</DriftFinishVelocity>
          <DriftFrontAccelForceRate>2</DriftFrontAccelForceRate>
          <DriftFrontAccelForceRateLowSpeed>2</DriftFrontAccelForceRateLowSpeed>
          <DriftFrontAngleForce>1.2</DriftFrontAngleForce>
          <DriftFrontAngleForceLowSpeed>1.5</DriftFrontAngleForceLowSpeed>
          <DriftLowSpeedVelocityThreshold>71</DriftLowSpeedVelocityThreshold>
          <DriftMaxAngleVelocity>1.13</DriftMaxAngleVelocity>
          <DriftMaxAngleVelocityLowSpeed>0.83</DriftMaxAngleVelocityLowSpeed>
          <DriftSideAngleForce>1.2</DriftSideAngleForce>
          <DriftSideAngleForceLowSpeed>1.5</DriftSideAngleForceLowSpeed>
          <DriftSideDecForce>3</DriftSideDecForce>
          <DriftSideDecForceLowSpeed>3</DriftSideDecForceLowSpeed>
          <DriftSuccessAddVelocity>65</DriftSuccessAddVelocity>
          <StartDriftFromSlidingBorder>0.2</StartDriftFromSlidingBorder>
          <StartDriftInputAngleBorder>30</StartDriftInputAngleBorder>
          <StartDriftVelocityBorder>10</StartDriftVelocityBorder>
        </Param>
      </Drift>
      <Rotation>
        <Param>
          <RotationForce0>60</RotationForce0>
          <RotationForce1>60</RotationForce1>
          <RotationForceVelocity0>10</RotationForceVelocity0>
          <RotationForceVelocity1>20</RotationForceVelocity1>
          <RotationSpeedMax>860</RotationSpeedMax>
        </Param>
      </Rotation>
    </Category>
  </SkateBoardMode>

  <SparkEffect>
    <Category>
      <HomingAttack>
        <Param>
          <HomingAttackEffectWidth>0.5</HomingAttackEffectWidth>
          <HomingAttackSplinePosCount>10</HomingAttackSplinePosCount>
        </Param>
      </HomingAttack>
      <Sparkle>
        <Param>
          <SparkleEffectCount>3</SparkleEffectCount>
          <SparkleEffectIntervalTime>0.03</SparkleEffectIntervalTime>
          <SparkleEffectLife>0.2</SparkleEffectLife>
          <SparkleEffectLifeRand>0.1</SparkleEffectLifeRand>
          <SparkleEffectMeshPointCount>8</SparkleEffectMeshPointCount>
          <SparkleEffectRandDir>0.3</SparkleEffectRandDir>
          <SparkleEffectRandSpeed>0.8</SparkleEffectRandSpeed>
          <SparkleEffectSpeedMax>80</SparkleEffectSpeedMax>
          <SparkleEffectSpeedMin>10</SparkleEffectSpeedMin>
          <SparkleEffectWidth>0.03</SparkleEffectWidth>
          <SparkleEffectWidthRand>0.01</SparkleEffectWidthRand>
        </Param>
      </Sparkle>
      <Wind>
        <Param>
          <WindEffectCount>10</WindEffectCount>
          <WindEffectDirOffset>0.5</WindEffectDirOffset>
          <WindEffectIntervalTime>0</WindEffectIntervalTime>
          <WindEffectLife>0.5</WindEffectLife>
          <WindEffectLifeRand>0.2</WindEffectLifeRand>
          <WindEffectMeshPointCount>50</WindEffectMeshPointCount>
          <WindEffectRandAmplitude>0.3</WindEffectRandAmplitude>
          <WindEffectRandFrequency>0.1</WindEffectRandFrequency>
          <WindEffectSpeedMax>60</WindEffectSpeedMax>
          <WindEffectSpeedMin>10</WindEffectSpeedMin>
          <WindEffectStartPosRange>0.25</WindEffectStartPosRange>
          <WindEffectWidth>0.2</WindEffectWidth>
          <WindEffectWidthRand>0.1</WindEffectWidthRand>
        </Param>
      </Wind>
    </Category>
  </SparkEffect>

  <Special>
    <Category>
      <BigChaser>
        <Category>
          <Boost>
            <Param>
              <BoostAccelerationForce>37.5</BoostAccelerationForce>
              <BoostAccelerationForceWhenSlow>60</BoostAccelerationForceWhenSlow>
              <BoostMaxVelocityScaleLv0>1.4</BoostMaxVelocityScaleLv0>
              <BoostMaxVelocityScaleLvMax>1.5</BoostMaxVelocityScaleLvMax>
              <BoostStartVelocityRate>1.2</BoostStartVelocityRate>
            </Param>
          </Boost>
          <KeepRunning>
            <Param>
              <KeepRunningDamageTime>1</KeepRunningDamageTime>
              <KeepRunningMinVelocity>45</KeepRunningMinVelocity>
            </Param>
          </KeepRunning>
          <SlopeRun>
            <Param>
              <DynamicFrictionalForce>80</DynamicFrictionalForce>
              <DynamicResistanceForceWhenRun>80</DynamicResistanceForceWhenRun>
              <StaticFrictionalForce>80</StaticFrictionalForce>
              <StaticResistanceForceWhenRun>80</StaticResistanceForceWhenRun>
            </Param>
          </SlopeRun>
          <Squat_Sliding>
            <Param>
              <SlidingBrakeForce>2</SlidingBrakeForce>
            </Param>
          </Squat_Sliding>
          <Velocity>
            <Param>
              <AccelerationForce>25</AccelerationForce>
              <DecelerationForceHigh>15</DecelerationForceHigh>
              <InAirForceAccelRate>1</InAirForceAccelRate>
              <InAirForceDecRate>0.2</InAirForceDecRate>
              <InAirMaxAccelVelocity>15</InAirMaxAccelVelocity>
              <MaxHorzVelocity>145</MaxHorzVelocity>
              <MaxVelocityBasis>60</MaxVelocityBasis>
              <MaxVelocityFinalMax>145</MaxVelocityFinalMax>
            </Param>
          </Velocity>
        </Category>
      </BigChaser>
      <EggBeetle>
        <Category>
          <Jump>
            <Param>
              <BallJumpAirDragRateScale>1</BallJumpAirDragRateScale>
            </Param>
          </Jump>
        </Category>
      </EggBeetle>
      <EggLancer>
        <Category>
          <SlopeRun>
            <Param>
              <DownForceEfficient>30</DownForceEfficient>
            </Param>
          </SlopeRun>
        </Category>
      </EggLancer>
      <EggRaybird>
        <Category/>
      </EggRaybird>
    </Category>
  </Special>

  <WallCorrection>
    <Category>
      <SlopeRun>
        <Param>
          <DownForceEfficient>60</DownForceEfficient>
          <DynamicFrictionalForce>89.9</DynamicFrictionalForce>
          <DynamicResistanceForceWhenRun>30</DynamicResistanceForceWhenRun>
          <DynamicResistanceForceWhenStand>30</DynamicResistanceForceWhenStand>
          <StaticFrictionalForce>89.9</StaticFrictionalForce>
          <StaticResistanceForceWhenRun>30</StaticResistanceForceWhenRun>
          <StaticResistanceForceWhenStand>30</StaticResistanceForceWhenStand>
        </Param>
      </SlopeRun>
    </Category>
  </WallCorrection>

</Sonic.prm.xml>
