<?xml version="1.0" encoding="utf-8" ?>
<SonicClassic.prm.xml>
  <Common>
    <Category>
      <StageDirection>
        <Param>
          <DeadToRestartTime>1.5</DeadToRestartTime>
          <DeadBgmWaitTime>0</DeadBgmWaitTime>
          <DeadBgmFadeTime>1.3</DeadBgmFadeTime>
        </Param>
      </StageDirection>
      <Rotation>
        <Param>
          <RotationForce2>100</RotationForce2>
          <RotationForceVelocity2>3</RotationForceVelocity2>
          <RotationForce0>100</RotationForce0>
          <RotationForceVelocity0>20</RotationForceVelocity0>
          <RotationForce1>80</RotationForce1>
          <RotationForceVelocity1>40</RotationForceVelocity1>
          <RotationForceThresholdSpd>0</RotationForceThresholdSpd>
          <RotationForceRateMinLw>0.3</RotationForceRateMinLw>
          <RotationForceMinAngleLw>20.1</RotationForceMinAngleLw>
          <RotationForceRateMaxLw>1</RotationForceRateMaxLw>
          <RotationForceMaxAngleLw>60</RotationForceMaxAngleLw>
          <RotationForceRateMin>0.5</RotationForceRateMin>
          <RotationForceMinAngle>30</RotationForceMinAngle>
          <RotationForceRateMax>1</RotationForceRateMax>
          <RotationForceMaxAngle>60</RotationForceMaxAngle>
        </Param>
      </Rotation>
      <Jump>
        <Param>
          <JumpShortReleaseTime>0.12</JumpShortReleaseTime>
          <JumpShortGroundResetDistance>5</JumpShortGroundResetDistance>
          <BallJumpAirDragRateScale>3.5</BallJumpAirDragRateScale>
          <VertVelocityBallToFall>-10</VertVelocityBallToFall>
          <PrecedeJumpEnableTime>0.1</PrecedeJumpEnableTime>
        </Param>
      </Jump>
      <Damage>
        <Param>
          <DamageMoveScale>0.04</DamageMoveScale>
          <DamageDownTime>0.8</DamageDownTime>
          <DamageStandUpCancelTime>0.69</DamageStandUpCancelTime>
          <BlinkNoDamageTime>2</BlinkNoDamageTime>
          <DamageDecForceOfWallWalk>300</DamageDecForceOfWallWalk>
          <DamageAirJumpPermitDistance>1.5</DamageAirJumpPermitDistance>
          <DamageVertVelOnBoard>10</DamageVertVelOnBoard>
          <DamageHorzDecRateOnBoard>0.7</DamageHorzDecRateOnBoard>
          <DamageCancelVertVelocity>7</DamageCancelVertVelocity>
          <DamageCancelHorzVelocity>6</DamageCancelHorzVelocity>
        </Param>
      </Damage>
      <Brake>
        <Param>
          <BrakeEnableAngle>120</BrakeEnableAngle>
          <BrakeCancelAngle>100</BrakeCancelAngle>
        </Param>
      </Brake>
      <HomingAttack>
        <Param>
          <HomingAttackEnableVertUp>-1</HomingAttackEnableVertUp>
          <XButtonHoming>true</XButtonHoming>
          <HomingRotateForce>10</HomingRotateForce>
          <ActionEnableAfterHomingAttack>0.35</ActionEnableAfterHomingAttack>
          <HomingAttackEnableAfterFall>0.1</HomingAttackEnableAfterFall>
        </Param>
      </HomingAttack>
      <Boost>
        <Param>
          <BoostBeginCameraShakeSize>0.01</BoostBeginCameraShakeSize>
          <BoostBeginCameraShakeTime>0.1</BoostBeginCameraShakeTime>
          <BoostBeginCameraShakeCount>4</BoostBeginCameraShakeCount>
          <BoostPullRadius>3</BoostPullRadius>
          <RotationForceInBoost>50</RotationForceInBoost>
          <IsEnableBoost3DEffect>true</IsEnableBoost3DEffect>
          <BoostEndKeepTime>0.2</BoostEndKeepTime>
        </Param>
      </Boost>
      <ChaosEnergy>
        <Param>
          <ChaosEnergyRecoverRateByRing>0.1</ChaosEnergyRecoverRateByRing>
          <ChaosEnergyRecoverRateByRingBonus>0.1</ChaosEnergyRecoverRateByRingBonus>
          <ChaosEnergyRecoverRateByRingPenalty>0.1</ChaosEnergyRecoverRateByRingPenalty>
          <BoostEnableChaosEnergy>1</BoostEnableChaosEnergy>
          <BoostFirstDecrease>4</BoostFirstDecrease>
          <BoostTimeDecrease>6</BoostTimeDecrease>
          <BoostTimeDecreaseOnWater>6</BoostTimeDecreaseOnWater>
          <BoostTimeDecreaseOnBoard>6</BoostTimeDecreaseOnBoard>
          <ChaosEnergyAutoRecoverRate>0.01</ChaosEnergyAutoRecoverRate>
          <IncreaseChaosEnergyDriftStart>0</IncreaseChaosEnergyDriftStart>
          <IncreaseChaosEnergyDriftPerSecond>7</IncreaseChaosEnergyDriftPerSecond>
          <AirBoostEnableChaosEnergy>1</AirBoostEnableChaosEnergy>
          <AirBoostFirstDecrease>5</AirBoostFirstDecrease>
          <AirBoostDisableTimeAfterSpinAttack>0.2</AirBoostDisableTimeAfterSpinAttack>
        </Param>
      </ChaosEnergy>
      <WallCrashAndStumble>
        <Param>
          <IsEnableCrashWall>false</IsEnableCrashWall>
          <CrashWallBorder>-47.5</CrashWallBorder>
          <StumbleHeightMax>0.5</StumbleHeightMax>
          <StumbleVelocityMin>15</StumbleVelocityMin>
          <StumbleDecRate>0.5</StumbleDecRate>
          <StumbleDecTime>1.2</StumbleDecTime>
          <StumbleInternalScale>0.15</StumbleInternalScale>
          <StumbleTime>1</StumbleTime>
        </Param>
      </WallCrashAndStumble>
      <ReactionPlate>
        <Param>
          <ReactionFailPushOutForce>20</ReactionFailPushOutForce>
          <ReactionJumpMinVelocity>40</ReactionJumpMinVelocity>
          <ReactionJumpMaxVelocity>60</ReactionJumpMaxVelocity>
          <ReactionJumpMinEnterVelocity>40</ReactionJumpMinEnterVelocity>
          <ReactionJumpMaxEnterVelocity>60</ReactionJumpMaxEnterVelocity>
          <ReactionJumpGravity>25</ReactionJumpGravity>
        </Param>
      </ReactionPlate>
      <Friction>
        <Param>
          <ResistanceStandRunBorder>15</ResistanceStandRunBorder>
          <ResistanceStandRunIntgerpolate>5</ResistanceStandRunIntgerpolate>
          <RecoverGridSpeed>5</RecoverGridSpeed>
          <RecoverGridSideSpeedRate>0.5</RecoverGridSideSpeedRate>
          <LostGridSideSpeedRate>1</LostGridSideSpeedRate>
          <HorzStandEnableMaxSlope>60</HorzStandEnableMaxSlope>
        </Param>
      </Friction>
      <Collision>
        <Param>
          <ItemCollisionRadius>0.3</ItemCollisionRadius>
          <ItemCollisionStandHeight>1</ItemCollisionStandHeight>
          <ItemCollisionSquatHeight>0.75</ItemCollisionSquatHeight>
          <ItemCollisionRadiusInBoost>0.75</ItemCollisionRadiusInBoost>
          <ItemCollisionStandHeightInBoost>1</ItemCollisionStandHeightInBoost>
          <ItemCollisionSquatHeightInBoost>0.5</ItemCollisionSquatHeightInBoost>
          <CollisionRadius>0.15</CollisionRadius>
          <CollisionPushingRadius>0.45</CollisionPushingRadius>
          <CollisionStandHeight>1</CollisionStandHeight>
          <CollisionSquatHeight>0.4</CollisionSquatHeight>
          <ItemCollisionRadiusInDiving>0.75</ItemCollisionRadiusInDiving>
          <ItemCollisionHeightInDiving>1</ItemCollisionHeightInDiving>
        </Param>
      </Collision>
      <Water>
        <Param>
          <WaterDeadDownDepthMin>1.5</WaterDeadDownDepthMin>
          <WaterDeadDownDepthMax>1.5</WaterDeadDownDepthMax>
          <WaterDeadDownDepthMaxSpeed>30</WaterDeadDownDepthMaxSpeed>
          <BuoyantForceZeroVelocity>5</BuoyantForceZeroVelocity>
          <BuoyantForceMaxVelocity>55</BuoyantForceMaxVelocity>
          <BuoyantForceMaxGravityRate>2</BuoyantForceMaxGravityRate>
          <WaterTensionZeroVelocity>0</WaterTensionZeroVelocity>
          <WaterTensionMaxVelocity>30</WaterTensionMaxVelocity>
          <WaterDecreaseForce>35</WaterDecreaseForce>
          <WaterDecreaseForceInDeepDepth>10</WaterDecreaseForceInDeepDepth>
          <WaterDrowningDepthMin>0</WaterDrowningDepthMin>
          <WaterDrowningNoBoostTime>0.5</WaterDrowningNoBoostTime>
          <LimitTimeToWaterWalk>30</LimitTimeToWaterWalk>
          <AdditionalLimitTime>10</AdditionalLimitTime>
          <StartTimeToCountDown>25</StartTimeToCountDown>
          <WaterGravityScale>0.65</WaterGravityScale>
          <WaterAddVelocity>6</WaterAddVelocity>
        </Param>
      </Water>
      <WallJump>
        <Param>
          <WallJumpAMinTime>0.2</WallJumpAMinTime>
          <WallJumpAtoBTime>0.4</WallJumpAtoBTime>
          <WallJumpAtoBDistance>3.2</WallJumpAtoBDistance>
          <WallJumpBtoCSpeed>20</WallJumpBtoCSpeed>
          <WallJumpReadyStopTime>0.2</WallJumpReadyStopTime>
          <WallJumpReadyGravity>7</WallJumpReadyGravity>
          <WallJumpReadyMaxDownSpeed>6</WallJumpReadyMaxDownSpeed>
          <WallJumpReadyMinTime>0.2</WallJumpReadyMinTime>
          <WallJumpReadyMaxTime>1</WallJumpReadyMaxTime>
          <WallJumpReadyDisableAirTime>0</WallJumpReadyDisableAirTime>
          <WallJumpReadyMinBottomDistance>2</WallJumpReadyMinBottomDistance>
          <WallJumpReadyAccelStartTime>1</WallJumpReadyAccelStartTime>
          <WallJumpReadyAccel>2</WallJumpReadyAccel>
          <WallJumpOutOfControlTime>0.25</WallJumpOutOfControlTime>
        </Param>
      </WallJump>
      <CameraTarget>
        <Param>
          <CameraTargetUpOffset>1.7</CameraTargetUpOffset>
          <CameraTargetUpOffsetInAir>1</CameraTargetUpOffsetInAir>
          <CameraTargetUpOffsetSensitive>5</CameraTargetUpOffsetSensitive>
          <CameraTargetOffsetSensitive>10</CameraTargetOffsetSensitive>
        </Param>
      </CameraTarget>
      <PitchRoll>
        <Param>
          <PitchRollRotateSpeedMaxDif>15</PitchRollRotateSpeedMaxDif>
          <PitchRollRotateSpeedMinDif>0</PitchRollRotateSpeedMinDif>
          <PitchRollRotateSpeedMax>720</PitchRollRotateSpeedMax>
          <PitchRollRotateSpeedMin>90</PitchRollRotateSpeedMin>
          <PitchRollRotateSpeedAccele>960</PitchRollRotateSpeedAccele>
          <PitchRollRotateSpeedInAirRate>0.4</PitchRollRotateSpeedInAirRate>
          <PitchRollRotateSpeedMinVelocity>10</PitchRollRotateSpeedMinVelocity>
          <PitchRollRotateSpeedMaxVelocity>30</PitchRollRotateSpeedMaxVelocity>
          <PitchRollRotateMinVelocity>5</PitchRollRotateMinVelocity>
          <PitchRollRotateMaxVelocity>15</PitchRollRotateMaxVelocity>
        </Param>
      </PitchRoll>
      <NoGroundStop>
        <Param>
          <FrontNoGroundStopSearchLength>0.1</FrontNoGroundStopSearchLength>
          <FrontNoGroundStopMaxInput>0.01</FrontNoGroundStopMaxInput>
        </Param>
      </NoGroundStop>
      <KeepRunning>
        <Param>
          <KeepRunningMinVelocity>15</KeepRunningMinVelocity>
          <KeepRunningMinVelocityDebug>15</KeepRunningMinVelocityDebug>
          <KeepRunningDamageVelocityDecreaseRate>0.5</KeepRunningDamageVelocityDecreaseRate>
          <KeepRunningDamageTime>1</KeepRunningDamageTime>
          <KeepRunningDamageInternalScale>0.15</KeepRunningDamageInternalScale>
        </Param>
      </KeepRunning>
      <WallPushing>
        <Param>
          <WallPushLimitInputIntensity>0.5</WallPushLimitInputIntensity>
          <WallPushLimitCharacterAngle>45</WallPushLimitCharacterAngle>
          <WallPushStartTime>0.05</WallPushStartTime>
          <WallPushForce>400</WallPushForce>
          <WallKickForce>20</WallKickForce>
        </Param>
      </WallPushing>
      <Motion>
        <Param>
          <WalkSideMotionMinInput>0.2</WalkSideMotionMinInput>
          <WalkSideMotionMaxInput>0.7</WalkSideMotionMaxInput>
          <WalkSideMotionMovePathScale>0.5</WalkSideMotionMovePathScale>
          <WalkSideMotionSensitive>1.5</WalkSideMotionSensitive>
          <WalkWallMotionSlopeAngleMin>45</WalkWallMotionSlopeAngleMin>
          <WalkWallMotionSlopeAngleMax>75</WalkWallMotionSlopeAngleMax>
          <MotionStandToWalk>0.05</MotionStandToWalk>
          <MotionWalkToWalkFast>2.5</MotionWalkToWalkFast>
          <MotionWalkFastToJog>5</MotionWalkFastToJog>
          <MotionJogToRun>15</MotionJogToRun>
          <MotionRunToDash>28</MotionRunToDash>
          <MotionDashToJet>44</MotionDashToJet>
        </Param>
      </Motion>
      <Physics>
        <Param>
          <NormalStrength>100</NormalStrength>
          <CharProxyStaticFriction>0</CharProxyStaticFriction>
          <CharProxySpeedThreshold>40</CharProxySpeedThreshold>
          <BoostStrength>200</BoostStrength>
          <StompingStrength>200</StompingStrength>
        </Param>
      </Physics>
      <Stairs>
        <Param>
          <StairsMax>0.3</StairsMax>
          <SquatAndSlidingStairsMax>0.1</SquatAndSlidingStairsMax>
          <StairsSensitive>10</StairsSensitive>
          <VirtualStairsMax>0.5</VirtualStairsMax>
          <VirtualStairsEnableMaxVelocity>20</VirtualStairsEnableMaxVelocity>
        </Param>
      </Stairs>
      <Input>
        <Param>
          <PadCorrectWhenCameraChangeAlwaysAccelTime>2</PadCorrectWhenCameraChangeAlwaysAccelTime>
          <PadCorrectWhenCameraChangeKeepTime>3</PadCorrectWhenCameraChangeKeepTime>
          <PadInputForceCoeffInAir>1</PadInputForceCoeffInAir>
        </Param>
      </Input>
      <Paraloop>
        <Param>
          <ParaloopMaxLength>1000</ParaloopMaxLength>
          <ParaloopInterval>1</ParaloopInterval>
          <ParaloopMinSpeed>10</ParaloopMinSpeed>
        </Param>
      </Paraloop>
      <Other>
        <Param>
          <StandToWalkVelocity>0.2</StandToWalkVelocity>
          <GroundSearchDiameter>0.3</GroundSearchDiameter>
          <IdleActionTime>3</IdleActionTime>
          <IdleSleepActionCount>3</IdleSleepActionCount>
          <SpringImpluseVelocityCoeff>1</SpringImpluseVelocityCoeff>
          <AttackAfterImpluseVelocityCoeff>1</AttackAfterImpluseVelocityCoeff>
          <ModelScaleInPlayableMenu>1</ModelScaleInPlayableMenu>
          <AisacSpeed1st>50</AisacSpeed1st>
          <AisacSpeed2nd>80</AisacSpeed2nd>
          <AisacSpeed3rd>80</AisacSpeed3rd>
        </Param>
      </Other>
      <Stagger>
        <Param>
          <StaggerStartVelocityLength>5</StaggerStartVelocityLength>
          <StaggerSearchDistance>0.8</StaggerSearchDistance>
          <StaggerNoInputSecond>1</StaggerNoInputSecond>
        </Param>
      </Stagger>
      <SpinAttack>
        <Param>
          <SpinAttackAfterUpVelocity>17</SpinAttackAfterUpVelocity>
          <SpinAttackAfterUpVelocityStrong>20</SpinAttackAfterUpVelocityStrong>
          <SpinAttackThresholdVelocity>20</SpinAttackThresholdVelocity>
        </Param>
      </SpinAttack>
      <AdlibTrick>
        <Param>
          <AdTrickAddChaosEnergyMin>1</AdTrickAddChaosEnergyMin>
          <AdTrickAddChaosEnergyLv1>10</AdTrickAddChaosEnergyLv1>
          <AdTrickAddChaosEnergyLv2>10</AdTrickAddChaosEnergyLv2>
          <AdTrickAddChaosEnergyLv3>10</AdTrickAddChaosEnergyLv3>
          <AdTrickAddChaosEnergyBonus>10</AdTrickAddChaosEnergyBonus>
          <AdTrickGameSpeedOfStart>0.4</AdTrickGameSpeedOfStart>
          <AdTrickGameSpeedAwakeTimeOfStart>0.25</AdTrickGameSpeedAwakeTimeOfStart>
          <AdTrickGameSpeed>0.65</AdTrickGameSpeed>
          <AdTrickGameSpeedSV>0.85</AdTrickGameSpeedSV>
          <AdTrickGameSpeedAwakeTime>2</AdTrickGameSpeedAwakeTime>
          <AdTrickAnimSpeedOnSkill>3</AdTrickAnimSpeedOnSkill>
          <AdTrickVelocityYOfRolling>20</AdTrickVelocityYOfRolling>
          <AdTrickVelocityXZOfRolling>20</AdTrickVelocityXZOfRolling>
          <AdTrickVelocityYOfHorz>20</AdTrickVelocityYOfHorz>
          <AdTrickVelocityXZOfHorz>20</AdTrickVelocityXZOfHorz>
          <AdTrickVelocityYOfVert>20</AdTrickVelocityYOfVert>
          <AdTrickVelocityXZOfVert>20</AdTrickVelocityXZOfVert>
        </Param>
      </AdlibTrick>
      <Item>
        <Param>
          <RingDropMin>20</RingDropMin>
          <RingDropAdditionalNum>10</RingDropAdditionalNum>
        </Param>
      </Item>
      <Skill>
        <Param>
          <SkillUnbeatenTime>5</SkillUnbeatenTime>
          <SkillPreciousTime>5</SkillPreciousTime>
          <SkillHighSpeedTime>5</SkillHighSpeedTime>
          <SkillCountSkateBoard>1</SkillCountSkateBoard>
          <SkillCountBarrier>1</SkillCountBarrier>
          <SkillCountFlameBarrier>1</SkillCountFlameBarrier>
          <SkillCountAquaBarrier>1</SkillCountAquaBarrier>
          <SkillCountThunderBarrier>1</SkillCountThunderBarrier>
          <SkillCountHighSpeed>1</SkillCountHighSpeed>
          <SkillCountPreciousTime>5</SkillCountPreciousTime>
          <SkillAddChaosEnergyOnBoardJump>10</SkillAddChaosEnergyOnBoardJump>
        </Param>
      </Skill>
      <HangOn>
        <Param>
          <HangOnJumpVelCoeffUp>1</HangOnJumpVelCoeffUp>
          <HangOnJumpVelCoeffDown>1</HangOnJumpVelCoeffDown>
          <HangOnJumpHorzVel>1</HangOnJumpHorzVel>
          <HangOnJumpPower>15.7</HangOnJumpPower>
        </Param>
      </HangOn>
      <PtmRocket>
        <Param>
          <RocketChargeEndTime>4</RocketChargeEndTime>
          <RocketLaunchTime>4</RocketLaunchTime>
          <RocketAccel>2.5</RocketAccel>
          <RocketVelocity>5</RocketVelocity>
          <RocketMinVelocity>5</RocketMinVelocity>
          <RocketMaxVelocity>10</RocketMaxVelocity>
          <RocketForceScale>0.13</RocketForceScale>
        </Param>
      </PtmRocket>
      <PtmSpike>
        <Param>
          <SpikeBoostVelocity0>6</SpikeBoostVelocity0>
          <SpikeBoostChargeTime1>1</SpikeBoostChargeTime1>
          <SpikeBoostVelocity1>8</SpikeBoostVelocity1>
          <SpikeBoostChargeTime2>2</SpikeBoostChargeTime2>
          <SpikeBoostVelocity2>10</SpikeBoostVelocity2>
          <SpikeInvokeTime>10</SpikeInvokeTime>
        </Param>
      </PtmSpike>
      <Board>
        <Param>
          <BoardMinPitchVelocity>10</BoardMinPitchVelocity>
          <BoardMaxPitchVelocity>80</BoardMaxPitchVelocity>
        </Param>
      </Board>
      <Tram>
        <Param>
          <TramJumpPowerAdvancing>13</TramJumpPowerAdvancing>
          <TramJumpPowerBreak>10</TramJumpPowerBreak>
        </Param>
      </Tram>
      <Sps>
        <Param>
          <SpsDecRingTime>1</SpsDecRingTime>
          <SpsDecRingTimeBoost>1</SpsDecRingTimeBoost>
          <SpsFloatingMoveUp>5</SpsFloatingMoveUp>
          <SpsFloatingMoveUpSpd>5</SpsFloatingMoveUpSpd>
          <SpsFloatingMoveSide>5</SpsFloatingMoveSide>
          <SpsFloatingMoveSideSpd>5</SpsFloatingMoveSideSpd>
          <SpsFloatingHeight>10</SpsFloatingHeight>
        </Param>
      </Sps>
      <Squat_Sliding>
        <Param>
          <SlidingBrakeForce>2</SlidingBrakeForce>
          <SlidingMinTime>0.5</SlidingMinTime>
          <SquatToSlidingSlope>15</SquatToSlidingSlope>
          <SquatKickInputTime>0.25</SquatKickInputTime>
        </Param>
      </Squat_Sliding>
      <QuickStep>
        <Param>
          <RunQuickStepMoveDistance>1</RunQuickStepMoveDistance>
        </Param>
      </QuickStep>
      <Grind>
        <Param>
          <GrindAccelerationForce>5</GrindAccelerationForce>
          <GrindMinSpeed>5</GrindMinSpeed>
          <GrindBeginMinSpeed>15</GrindBeginMinSpeed>
          <GrindDamageTime>1</GrindDamageTime>
          <GrindDamageVelocityDecreaseRate>0.5</GrindDamageVelocityDecreaseRate>
          <GrindJumpSideMaxDistance>3</GrindJumpSideMaxDistance>
          <GrindJumpSideSearchFrontOffsetTime>0.1</GrindJumpSideSearchFrontOffsetTime>
          <GrindSideJumpForce>10</GrindSideJumpForce>
          <GrindSEMinPitch>-100</GrindSEMinPitch>
          <GrindSEMinPitchVelocity>10</GrindSEMinPitchVelocity>
          <GrindSEMaxPitch>100</GrindSEMaxPitch>
          <GrindSEMaxPitchVelocity>50</GrindSEMaxPitchVelocity>
          <GrindJumpShortReleaseTime>0.24</GrindJumpShortReleaseTime>
          <GrindJumpPowerMin>8</GrindJumpPowerMin>
          <GrindStumbleLimit>1.1</GrindStumbleLimit>
          <GrindStumbleLimitTime>0.25</GrindStumbleLimitTime>
        </Param>
      </Grind>
      <LightSpeedDash>
        <Param>
          <IsLightSpeedDashHoldMode>false</IsLightSpeedDashHoldMode>
          <IsLightSpeedDashStartCollisionEdit>false</IsLightSpeedDashStartCollisionEdit>
          <LightSpeedDashStartCollisionFovy>40</LightSpeedDashStartCollisionFovy>
          <LightSpeedDashStartCollisionAspect>2</LightSpeedDashStartCollisionAspect>
          <LightSpeedDashStartCollisionNear>1</LightSpeedDashStartCollisionNear>
          <LightSpeedDashStartCollisionFar>3.5</LightSpeedDashStartCollisionFar>
          <LightSpeedDashStartCollisionRotationX>15</LightSpeedDashStartCollisionRotationX>
          <LightSpeedDashStartCollisionOffsetX>-1.3</LightSpeedDashStartCollisionOffsetX>
          <LightSpeedDashStartCollisionOffsetY>0.5</LightSpeedDashStartCollisionOffsetY>
          <IsLightSpeedDashCollisionEdit>false</IsLightSpeedDashCollisionEdit>
          <LightSpeedDashCollisionFovy>40</LightSpeedDashCollisionFovy>
          <LightSpeedDashCollisionAspect>2</LightSpeedDashCollisionAspect>
          <LightSpeedDashCollisionNear>1</LightSpeedDashCollisionNear>
          <LightSpeedDashCollisionFar>3.5</LightSpeedDashCollisionFar>
          <LightSpeedDashCollisionRotationX>15</LightSpeedDashCollisionRotationX>
          <LightSpeedDashCollisionOffsetX>-1.3</LightSpeedDashCollisionOffsetX>
          <LightSpeedDashCollisionOffsetY>0.5</LightSpeedDashCollisionOffsetY>
          <LightSpeedDashMinVelocity>50</LightSpeedDashMinVelocity>
          <LightSpeedDashMaxVelocity>80</LightSpeedDashMaxVelocity>
          <LightSpeedDashMinVelocity3D>50</LightSpeedDashMinVelocity3D>
          <LightSpeedDashMaxVelocity3D>80</LightSpeedDashMaxVelocity3D>
          <LightSpeedDashEnableAngle>70</LightSpeedDashEnableAngle>
          <LightSpeedDashHoldTime>0.02</LightSpeedDashHoldTime>
        </Param>
      </LightSpeedDash>
      <Stomping>
        <Param>
          <StompingDownFirstVelocity>40</StompingDownFirstVelocity>
          <StompingDisableTime>0.15</StompingDisableTime>
          <StompingHorzDecForce>60</StompingHorzDecForce>
        </Param>
      </Stomping>
      <Drift>
        <Param>
          <StartDriftFromSlidingBorder>0.2</StartDriftFromSlidingBorder>
          <BorderTimeOfBrakeCancelForStartDrift>0.25</BorderTimeOfBrakeCancelForStartDrift>
          <StartDriftInputAngleBorder>30</StartDriftInputAngleBorder>
          <DriftAngleReturnForce>3.5</DriftAngleReturnForce>
          <DriftSideAngleForce>1.2</DriftSideAngleForce>
          <DriftFrontAngleForce>1.2</DriftFrontAngleForce>
          <DriftMaxAngleVelocity>0.83</DriftMaxAngleVelocity>
          <DriftSideDecForce>3</DriftSideDecForce>
          <DriftFrontAccelForceRate>2</DriftFrontAccelForceRate>
          <DriftFinishAngle>40</DriftFinishAngle>
          <DriftFinishSideVelocity>5</DriftFinishSideVelocity>
          <DriftBoostYawOffset>20</DriftBoostYawOffset>
        </Param>
      </Drift>
      <EnemyCombo>
        <Param>
          <EnemyComboTime>1</EnemyComboTime>
        </Param>
      </EnemyCombo>
      <Hurdle>
        <Param>
          <HurdleFirstAnimSpeed>0.2</HurdleFirstAnimSpeed>
          <HurdleReleaseAnimSpeed>1.3</HurdleReleaseAnimSpeed>
          <EnableHurdleJumpMinVelocity>10</EnableHurdleJumpMinVelocity>
          <HurdleJumpRotateZRate>0.5</HurdleJumpRotateZRate>
        </Param>
      </Hurdle>
      <Diving>
        <Param>
          <DivingRotationMax>20</DivingRotationMax>
          <DivingDiveMaxVelocityDown>80</DivingDiveMaxVelocityDown>
          <DivingDiveBeginHorzVelocityRate>0.6</DivingDiveBeginHorzVelocityRate>
          <DivingDiveBeginGravityScale>2</DivingDiveBeginGravityScale>
          <DivingDiveVelocitySide>0.8</DivingDiveVelocitySide>
          <DivingDiveVelocityFront>0.8</DivingDiveVelocityFront>
          <DivingFloatMaxVelocityDown>20</DivingFloatMaxVelocityDown>
          <DivingFloatVelocitySide>0.3</DivingFloatVelocitySide>
          <DivingFloatVelocityFront>0.3</DivingFloatVelocityFront>
          <DivingDiveEndSpeed>20</DivingDiveEndSpeed>
          <DivingDamageVelocityDecreaseRate>0.5</DivingDamageVelocityDecreaseRate>
          <DivingDamageTime>1</DivingDamageTime>
        </Param>
      </Diving>
      <AttributeDamage>
        <Category>
          <DamageFreeze>
            <Param>
              <DamageFreezeAirKeepTime>0.5</DamageFreezeAirKeepTime>
              <DamageFreezeTime>1.5</DamageFreezeTime>
              <DamageFreezeReflectEfficient>0.1</DamageFreezeReflectEfficient>
            </Param>
          </DamageFreeze>
          <DamageShock>
            <Param>
              <DamageElectricTime>1</DamageElectricTime>
            </Param>
          </DamageShock>
          <DamageFire>
            <Param>
              <DamageFireTime>2</DamageFireTime>
            </Param>
          </DamageFire>
        </Category>
      </AttributeDamage>
      <Spin>
        <Param>
          <SpinChargeTimeLv0>0.16</SpinChargeTimeLv0>
          <SpinChargeTimeLv1>0.24</SpinChargeTimeLv1>
          <SpinChargeTimeLv2>0.5</SpinChargeTimeLv2>
          <SpinVelocityWithChargeLv0>3</SpinVelocityWithChargeLv0>
          <SpinVelocityWithChargeLv1>60</SpinVelocityWithChargeLv1>
          <SpinVelocityWithChargeLv2>70</SpinVelocityWithChargeLv2>
          <SpinVelocityWithSlidingChargeLv1>60</SpinVelocityWithSlidingChargeLv1>
          <SpinVelocityWithSlidingChargeLv2>70</SpinVelocityWithSlidingChargeLv2>
          <SpinMinTime>1</SpinMinTime>
          <SpinTimeOfKeeprunning>1.5</SpinTimeOfKeeprunning>
          <SpinDynamicFrictionalForce>5</SpinDynamicFrictionalForce>
          <SpinDynamicFrictionalForceBySkill>1</SpinDynamicFrictionalForceBySkill>
          <SpinDecRate>0.5</SpinDecRate>
          <SpinDecRateBySkill>0.2</SpinDecRateBySkill>
          <SpinDecVelocity>10</SpinDecVelocity>
          <SpinDecStartVelocity>0</SpinDecStartVelocity>
          <SpinDecMaxVelocity>60</SpinDecMaxVelocity>
        </Param>
      </Spin>
      <Camera>
        <Param>
          <CameraOffsetReverseVelocityLength>80</CameraOffsetReverseVelocityLength>
        </Param>
      </Camera>
    </Category>
  </Common>
  <ForwardView>
    <Category>
      <Velocity>
        <Param>
          <MaxHorzVelocity>145</MaxHorzVelocity>
          <MaxDownVelocity>60</MaxDownVelocity>
          <MaxUpVelocity>70</MaxUpVelocity>
          <AccelerationForce>25</AccelerationForce>
          <AccelerationForceBySkill>25</AccelerationForceBySkill>
          <AccelerationForceOnBoard>25</AccelerationForceOnBoard>
          <AccelerationForceOnBoardSlow>0.3</AccelerationForceOnBoardSlow>
          <AccelerationForceBaseUp>25</AccelerationForceBaseUp>
          <MaxVelocityBasisBaseUp>40</MaxVelocityBasisBaseUp>
          <AccelerationForceSps>25</AccelerationForceSps>
          <MaxVelocityBasisSps>145</MaxVelocityBasisSps>
          <DecelerationForceHigh>15</DecelerationForceHigh>
          <DecelerationForceLow>30</DecelerationForceLow>
          <DecelerationForceBoardTurn>20</DecelerationForceBoardTurn>
          <SlopeVelocityKeepRate>0</SlopeVelocityKeepRate>
          <InAirForceAccelRate>1</InAirForceAccelRate>
          <InAirForceDecRate>0.2</InAirForceDecRate>
          <InAirForceBrakeRate>0.4</InAirForceBrakeRate>
          <InAirMaxAccelVelocity>15</InAirMaxAccelVelocity>
          <InAirMaxAccelVelocityOfNormalJump>15</InAirMaxAccelVelocityOfNormalJump>
          <InAirForceAccelRateInLowSpd>1.2</InAirForceAccelRateInLowSpd>
          <InAirForceDecRateInLowSpd>0.2</InAirForceDecRateInLowSpd>
          <InAirForceBrakeRateInLowSpd>0.7</InAirForceBrakeRateInLowSpd>
          <InAirForceAccelRateOnBoard>1</InAirForceAccelRateOnBoard>
          <InAirForceDecRateOnBoard>0.2</InAirForceDecRateOnBoard>
          <InAirForceBrakeRateOnBoard>0.4</InAirForceBrakeRateOnBoard>
          <InAirMaxAccelVelocityInLowSpd>10</InAirMaxAccelVelocityInLowSpd>
          <InAirLowSpdThreshold>15</InAirLowSpdThreshold>
          <NoPadStopWalkPadLengthLimit>0.3</NoPadStopWalkPadLengthLimit>
          <NoPadStopWalkDecelerationForce>50</NoPadStopWalkDecelerationForce>
          <NoPadStopWalkBeginMaxVelocity>15</NoPadStopWalkBeginMaxVelocity>
          <SlipToWalkVelocity>26</SlipToWalkVelocity>
          <VelocityUpInFloatingBoost0>30</VelocityUpInFloatingBoost0>
          <VelocityUpInFloatingBoost1>350</VelocityUpInFloatingBoost1>
          <MaxVelocityBasis>60</MaxVelocityBasis>
          <MaxVelocityFinalMax>145</MaxVelocityFinalMax>
          <AccelerationForceOnSpike>7</AccelerationForceOnSpike>
          <MaxVelocityCoefOnSpike>1</MaxVelocityCoefOnSpike>
          <LOW_SPEED_MAX>20</LOW_SPEED_MAX>
          <LOW_TO_HIGH_TIME>0.1</LOW_TO_HIGH_TIME>
          <SIDE_DECRASE_FORCE_IN_LOWMODE>20</SIDE_DECRASE_FORCE_IN_LOWMODE>
          <SIDE_DECRASE_FORCE_IN_HIGHMODE>5</SIDE_DECRASE_FORCE_IN_HIGHMODE>
        </Param>
      </Velocity>
      <HomingAttack>
        <Param>
          <HomingSpeed>70</HomingSpeed>
          <HomingSpeedOfDummy>30</HomingSpeedOfDummy>
          <HomingCalibratedAirDragScale>3.5</HomingCalibratedAirDragScale>
          <HomingInertiaForceRate>0.1</HomingInertiaForceRate>
          <HomingNoLockonKeepTime>0.25</HomingNoLockonKeepTime>
          <HomingAttackAfterUpVelocity>18</HomingAttackAfterUpVelocity>
          <HomingBackEnableSpeed>15</HomingBackEnableSpeed>
          <HomingLockonKeepUpSlope>0.3</HomingLockonKeepUpSlope>
          <HomingLockonKeepUpOffset>0</HomingLockonKeepUpOffset>
          <HomingLockonKeepDownSlope>1</HomingLockonKeepDownSlope>
          <HomingLockonKeepDownOffset>1</HomingLockonKeepDownOffset>
          <HomingLockonKeepBack>0.5</HomingLockonKeepBack>
          <IsHomingLockonCollisionEdit>false</IsHomingLockonCollisionEdit>
          <HomingLockonCollisionFovy>85</HomingLockonCollisionFovy>
          <HomingLockonCollisionAspect>1</HomingLockonCollisionAspect>
          <HomingLockonCollisionNear>1.2</HomingLockonCollisionNear>
          <HomingLockonCollisionFar>20</HomingLockonCollisionFar>
          <HomingLockonCollisionRotationX>31</HomingLockonCollisionRotationX>
          <HomingLockonCollisionOffsetX>-1.01</HomingLockonCollisionOffsetX>
          <HomingLockonCollisionOffsetY>0.26</HomingLockonCollisionOffsetY>
          <HomingLockonCollisionFovyN>85</HomingLockonCollisionFovyN>
          <HomingLockonCollisionAspectN>1</HomingLockonCollisionAspectN>
          <HomingLockonCollisionNearN>1.2</HomingLockonCollisionNearN>
          <HomingLockonCollisionFarN>20</HomingLockonCollisionFarN>
          <HomingLockonCollisionRotationXN>31</HomingLockonCollisionRotationXN>
          <HomingLockonCollisionOffsetXN>-1.01</HomingLockonCollisionOffsetXN>
          <HomingLockonCollisionOffsetYN>0.26</HomingLockonCollisionOffsetYN>
        </Param>
      </HomingAttack>
      <Rotation>
        <Param>
          <RotationSpeedMax>1000</RotationSpeedMax>
          <RotationSpeedMaxSpike>1000</RotationSpeedMaxSpike>
          <RotationSpeedMaxShoesSliding>1400</RotationSpeedMaxShoesSliding>
          <RotationForceInAir>60</RotationForceInAir>
          <RotationForceRateInAir>0.6</RotationForceRateInAir>
          <RotationForceInBoardAir>10</RotationForceInBoardAir>
          <RotationForceRateInBoardAir>0.6</RotationForceRateInBoardAir>
        </Param>
      </Rotation>
      <Jump>
        <Param>
          <JumpPower>17</JumpPower>
          <JumpPowerBySkill>10</JumpPowerBySkill>
          <JumpPowerDamageAir>30</JumpPowerDamageAir>
          <JumpPowerOnBoard>17</JumpPowerOnBoard>
          <JumpPowerMin>6</JumpPowerMin>
          <JumpPowerMinOnBoard>6</JumpPowerMinOnBoard>
          <JumpPowerAllRounder>4.5</JumpPowerAllRounder>
          <JumpGroundVelocityYRate>1</JumpGroundVelocityYRate>
          <JumpGroundVelocityXZRate>1</JumpGroundVelocityXZRate>
          <MaxUpSpeedWhenJump>18</MaxUpSpeedWhenJump>
          <KickbackPower>10</KickbackPower>
        </Param>
      </Jump>
      <Land>
        <Param>
          <LandStrongMinVertSpeed>35</LandStrongMinVertSpeed>
          <LandStrongMaxHorzSpeed>15</LandStrongMaxHorzSpeed>
        </Param>
      </Land>
      <Brake>
        <Param>
          <BrakeForce>40</BrakeForce>
          <WalkBrakeForce>100</WalkBrakeForce>
          <BrakeEnableSpeed>20</BrakeEnableSpeed>
          <BrakeLargeSpeed>80</BrakeLargeSpeed>
          <BrakeEndSpeed>35</BrakeEndSpeed>
          <BrakeDownForceEnableSpeed>15</BrakeDownForceEnableSpeed>
          <BrakeForceScaleOfLarge>1</BrakeForceScaleOfLarge>
          <BrakeForceScaleOfSkill>4</BrakeForceScaleOfSkill>
        </Param>
      </Brake>
      <SlopeRun>
        <Param>
          <MoveHoldingMinVelocity>15</MoveHoldingMinVelocity>
          <DownForceEfficient>67</DownForceEfficient>
          <StaticResistanceForceWhenStand>40</StaticResistanceForceWhenStand>
          <DynamicResistanceForceWhenStand>22</DynamicResistanceForceWhenStand>
          <StaticResistanceForceWhenRun>11</StaticResistanceForceWhenRun>
          <DynamicResistanceForceWhenRun>11</DynamicResistanceForceWhenRun>
          <DynamicFrictionalForce>30</DynamicFrictionalForce>
          <DynamicFrictionalForceCoef>1.2</DynamicFrictionalForceCoef>
          <StaticFrictionalForce>60</StaticFrictionalForce>
          <LandEnableMaxSlope>45</LandEnableMaxSlope>
          <WallRunCancelVelocity>20</WallRunCancelVelocity>
          <WallRunCancelVelocityNoRun>25</WallRunCancelVelocityNoRun>
          <MoveEnableGroundAngleInner>32</MoveEnableGroundAngleInner>
          <MoveEnableGroundAngleOuter>32</MoveEnableGroundAngleOuter>
          <MoveEnableSearchDistance>0.1</MoveEnableSearchDistance>
        </Param>
      </SlopeRun>
      <WallJump>
        <Param>
          <WallJumpUpForce>15</WallJumpUpForce>
          <WallJumpFrontForce>15</WallJumpFrontForce>
          <WallJumpReadyBorder>-10</WallJumpReadyBorder>
        </Param>
      </WallJump>
      <Physics>
        <Param>
          <VelocityStrengthScale>1</VelocityStrengthScale>
        </Param>
      </Physics>
      <Other>
        <Param>
          <Gravity>35</Gravity>
          <MaxUpSpeedWhenBound>10</MaxUpSpeedWhenBound>
          <PathBinrmCorrectionAngle>60</PathBinrmCorrectionAngle>
          <PathBinrmCorrectionOffset>1</PathBinrmCorrectionOffset>
          <MOVE_SIDE_PAD_LIMIT>0.5</MOVE_SIDE_PAD_LIMIT>
        </Param>
      </Other>
      <BlockedEnemy>
        <Param>
          <BlockingEnemyMaxNum>5</BlockingEnemyMaxNum>
          <EnemyBlockedMaxVelocity1>15</EnemyBlockedMaxVelocity1>
          <EnemyBlockedMaxVelocityDec>2</EnemyBlockedMaxVelocityDec>
          <EnemyBlockedJumpPower1>13</EnemyBlockedJumpPower1>
          <EnemyBlockedJumpPowerDec>0.5</EnemyBlockedJumpPowerDec>
          <EnemyBlockedRotationForce1>30</EnemyBlockedRotationForce1>
          <EnemyBlockedRotationForceDec>1</EnemyBlockedRotationForceDec>
          <EnemyBlockedRotationSpeedMax1>720</EnemyBlockedRotationSpeedMax1>
          <EnemyBlockedRotationSpeedMaxDec>30</EnemyBlockedRotationSpeedMaxDec>
          <EnemyBlockedSpringImpulseScale1>0.5</EnemyBlockedSpringImpulseScale1>
          <EnemyBlockedSpringImpulseScaleDec>0.02</EnemyBlockedSpringImpulseScaleDec>
          <EnemyBlockedSpringImpulseMax1>20</EnemyBlockedSpringImpulseMax1>
          <EnemyBlockedSpringImpulseMaxDec>2.5</EnemyBlockedSpringImpulseMaxDec>
          <EnemyBlockedMaxSquatVelocity>4</EnemyBlockedMaxSquatVelocity>
        </Param>
      </BlockedEnemy>
      <NoGroundStop>
        <Param>
          <FrontNoGroundStopMaxSpeed>5</FrontNoGroundStopMaxSpeed>
        </Param>
      </NoGroundStop>
      <WallPushing>
        <Param>
          <WallPushSpeed>5</WallPushSpeed>
        </Param>
      </WallPushing>
      <HipSliding>
        <Param>
          <HipSlidingVelocity>35</HipSlidingVelocity>
          <HipSlidingMaxVelocity>30</HipSlidingMaxVelocity>
        </Param>
      </HipSliding>
      <BoundJump>
        <Param>
          <BoundJumpBeforeVelocity>40</BoundJumpBeforeVelocity>
          <BoudnJumpVelocity>13</BoudnJumpVelocity>
          <BoundJumpGravityScale>0.4</BoundJumpGravityScale>
        </Param>
      </BoundJump>
      <Board>
        <Param>
          <KeepRunningMinVelocityOnBoard>30</KeepRunningMinVelocityOnBoard>
          <KeepRunningMaxVelocityOnBoard>60</KeepRunningMaxVelocityOnBoard>
        </Param>
      </Board>
      <Boost>
        <Param>
          <BoostMaxVelocityScaleLv0>1.4</BoostMaxVelocityScaleLv0>
          <BoostMaxVelocityScaleLvMax>1.5</BoostMaxVelocityScaleLvMax>
          <BoostStartVelocityRate>1.2</BoostStartVelocityRate>
          <BoostAccelerationForce>37.5</BoostAccelerationForce>
          <BoostAccelerationForceWhenSlow>60</BoostAccelerationForceWhenSlow>
          <BoostMinVelocity>20</BoostMinVelocity>
          <BoostCancelBrakeTime>0.5</BoostCancelBrakeTime>
          <BoostInAirKeepTime>1.5</BoostInAirKeepTime>
          <SIDE_DECRASE_FORCE_IN_BOOST>80</SIDE_DECRASE_FORCE_IN_BOOST>
        </Param>
      </Boost>
      <AirBoost>
        <Param>
          <AirBoostTime>0.3</AirBoostTime>
          <AirBoostStartVelocityRate>1.5</AirBoostStartVelocityRate>
          <AirBoostGravityRate>0.5</AirBoostGravityRate>
          <AirBoostLevitationForce>0.5</AirBoostLevitationForce>
          <AirBoostLevitationTime>1</AirBoostLevitationTime>
        </Param>
      </AirBoost>
      <Squat_Sliding>
        <Param>
          <FinishSlidingVelocity>1000</FinishSlidingVelocity>
        </Param>
      </Squat_Sliding>
      <Grind>
        <Param>
          <GrindCurveDecreaseForce>10</GrindCurveDecreaseForce>
        </Param>
      </Grind>
    </Category>
  </ForwardView>
  <SideView>
    <Category>
      <Velocity>
        <Param>
          <MaxHorzVelocity>145</MaxHorzVelocity>
          <MaxDownVelocity>30</MaxDownVelocity>
          <MaxUpVelocity>70</MaxUpVelocity>
          <AccelerationForce>12.5</AccelerationForce>
          <AccelerationForceBySkill>12.5</AccelerationForceBySkill>
          <AccelerationForceOnBoard>12.5</AccelerationForceOnBoard>
          <AccelerationForceOnBoardSlow>0.3</AccelerationForceOnBoardSlow>
          <AccelerationForceBaseUp>25</AccelerationForceBaseUp>
          <MaxVelocityBasisBaseUp>40</MaxVelocityBasisBaseUp>
          <AccelerationForceSps>25</AccelerationForceSps>
          <MaxVelocityBasisSps>145</MaxVelocityBasisSps>
          <DecelerationForceHigh>12.5</DecelerationForceHigh>
          <DecelerationForceLow>25</DecelerationForceLow>
          <DecelerationForceBoardTurn>20</DecelerationForceBoardTurn>
          <SlopeVelocityKeepRate>0.5</SlopeVelocityKeepRate>
          <InAirForceAccelRate>1.2</InAirForceAccelRate>
          <InAirForceDecRate>0.2</InAirForceDecRate>
          <InAirForceBrakeRate>0.7</InAirForceBrakeRate>
          <InAirMaxAccelVelocity>10</InAirMaxAccelVelocity>
          <InAirMaxAccelVelocityOfNormalJump>10</InAirMaxAccelVelocityOfNormalJump>
          <InAirForceAccelRateInLowSpd>1.2</InAirForceAccelRateInLowSpd>
          <InAirForceDecRateInLowSpd>0.2</InAirForceDecRateInLowSpd>
          <InAirForceBrakeRateInLowSpd>0.7</InAirForceBrakeRateInLowSpd>
          <InAirForceAccelRateOnBoard>1</InAirForceAccelRateOnBoard>
          <InAirForceDecRateOnBoard>0.2</InAirForceDecRateOnBoard>
          <InAirForceBrakeRateOnBoard>0.4</InAirForceBrakeRateOnBoard>
          <InAirMaxAccelVelocityInLowSpd>10</InAirMaxAccelVelocityInLowSpd>
          <InAirLowSpdThreshold>15</InAirLowSpdThreshold>
          <NoPadStopWalkPadLengthLimit>0.3</NoPadStopWalkPadLengthLimit>
          <NoPadStopWalkDecelerationForce>40</NoPadStopWalkDecelerationForce>
          <NoPadStopWalkBeginMaxVelocity>10</NoPadStopWalkBeginMaxVelocity>
          <SlipToWalkVelocity>26</SlipToWalkVelocity>
          <VelocityUpInFloatingBoost0>30</VelocityUpInFloatingBoost0>
          <VelocityUpInFloatingBoost1>350</VelocityUpInFloatingBoost1>
          <MaxVelocityBasis>30</MaxVelocityBasis>
          <MaxVelocityFinalMax>145</MaxVelocityFinalMax>
          <AccelerationForceOnSpike>7</AccelerationForceOnSpike>
          <MaxVelocityCoefOnSpike>1</MaxVelocityCoefOnSpike>
        </Param>
      </Velocity>
      <HomingAttack>
        <Param>
          <HomingSpeed>70</HomingSpeed>
          <HomingSpeedOfDummy>30</HomingSpeedOfDummy>
          <HomingCalibratedAirDragScale>3.5</HomingCalibratedAirDragScale>
          <HomingInertiaForceRate>0.1</HomingInertiaForceRate>
          <HomingNoLockonKeepTime>0.25</HomingNoLockonKeepTime>
          <HomingAttackAfterUpVelocity>18</HomingAttackAfterUpVelocity>
          <HomingBackEnableSpeed>10</HomingBackEnableSpeed>
          <HomingLockonKeepUpSlope>0.3</HomingLockonKeepUpSlope>
          <HomingLockonKeepUpOffset>0</HomingLockonKeepUpOffset>
          <HomingLockonKeepDownSlope>1</HomingLockonKeepDownSlope>
          <HomingLockonKeepDownOffset>1</HomingLockonKeepDownOffset>
          <HomingLockonKeepBack>0.5</HomingLockonKeepBack>
          <IsHomingLockonCollisionEdit>false</IsHomingLockonCollisionEdit>
          <HomingLockonCollisionFovy>85</HomingLockonCollisionFovy>
          <HomingLockonCollisionAspect>0.3</HomingLockonCollisionAspect>
          <HomingLockonCollisionNear>1.2</HomingLockonCollisionNear>
          <HomingLockonCollisionFar>20</HomingLockonCollisionFar>
          <HomingLockonCollisionRotationX>31</HomingLockonCollisionRotationX>
          <HomingLockonCollisionOffsetX>-1.01</HomingLockonCollisionOffsetX>
          <HomingLockonCollisionOffsetY>0.26</HomingLockonCollisionOffsetY>
          <HomingLockonCollisionFovyN>85</HomingLockonCollisionFovyN>
          <HomingLockonCollisionAspectN>0.3</HomingLockonCollisionAspectN>
          <HomingLockonCollisionNearN>1.2</HomingLockonCollisionNearN>
          <HomingLockonCollisionFarN>20</HomingLockonCollisionFarN>
          <HomingLockonCollisionRotationXN>31</HomingLockonCollisionRotationXN>
          <HomingLockonCollisionOffsetXN>-1.01</HomingLockonCollisionOffsetXN>
          <HomingLockonCollisionOffsetYN>0.26</HomingLockonCollisionOffsetYN>
        </Param>
      </HomingAttack>
      <Rotation>
        <Param>
          <RotationSpeedMax>1500</RotationSpeedMax>
          <RotationSpeedMaxSpike>4000</RotationSpeedMaxSpike>
          <RotationSpeedMaxShoesSliding>1400</RotationSpeedMaxShoesSliding>
        </Param>
      </Rotation>
      <Jump>
        <Param>
          <JumpPower>17</JumpPower>
          <JumpPowerBySkill>10</JumpPowerBySkill>
          <JumpPowerDamageAir>30</JumpPowerDamageAir>
          <JumpPowerOnBoard>17</JumpPowerOnBoard>
          <JumpPowerMin>6</JumpPowerMin>
          <JumpPowerMinOnBoard>6</JumpPowerMinOnBoard>
          <JumpPowerAllRounder>4.5</JumpPowerAllRounder>
          <JumpGroundVelocityYRate>1</JumpGroundVelocityYRate>
          <JumpGroundVelocityXZRate>1</JumpGroundVelocityXZRate>
          <MaxUpSpeedWhenJump>8</MaxUpSpeedWhenJump>
          <KickbackPower>10</KickbackPower>
        </Param>
      </Jump>
      <Land>
        <Param>
          <LandStrongMinVertSpeed>35</LandStrongMinVertSpeed>
          <LandStrongMaxHorzSpeed>15</LandStrongMaxHorzSpeed>
        </Param>
      </Land>
      <Brake>
        <Param>
          <BrakeForce>40</BrakeForce>
          <WalkBrakeForce>100</WalkBrakeForce>
          <BrakeEnableSpeed>12</BrakeEnableSpeed>
          <BrakeLargeSpeed>40</BrakeLargeSpeed>
          <BrakeEndSpeed>20</BrakeEndSpeed>
          <BrakeDownForceEnableSpeed>15</BrakeDownForceEnableSpeed>
          <BrakeForceScaleOfLarge>1</BrakeForceScaleOfLarge>
          <BrakeForceScaleOfSkill>4</BrakeForceScaleOfSkill>
        </Param>
      </Brake>
      <SlopeRun>
        <Param>
          <MoveHoldingMinVelocity>5</MoveHoldingMinVelocity>
          <DownForceEfficient>10</DownForceEfficient>
          <StaticResistanceForceWhenStand>40</StaticResistanceForceWhenStand>
          <DynamicResistanceForceWhenStand>22</DynamicResistanceForceWhenStand>
          <StaticResistanceForceWhenRun>25</StaticResistanceForceWhenRun>
          <DynamicResistanceForceWhenRun>25</DynamicResistanceForceWhenRun>
          <DynamicFrictionalForce>30</DynamicFrictionalForce>
          <DynamicFrictionalForceCoef>1.2</DynamicFrictionalForceCoef>
          <StaticFrictionalForce>60</StaticFrictionalForce>
          <LandEnableMaxSlope>45</LandEnableMaxSlope>
          <WallRunCancelVelocity>0</WallRunCancelVelocity>
          <WallRunCancelVelocityNoRun>15</WallRunCancelVelocityNoRun>
          <MoveEnableGroundAngleInner>36</MoveEnableGroundAngleInner>
          <MoveEnableGroundAngleOuter>36</MoveEnableGroundAngleOuter>
          <MoveEnableSearchDistance>0.1</MoveEnableSearchDistance>
        </Param>
      </SlopeRun>
      <PitchRoll>
        <Param>
          <PitchRollRotateSpeedMaxDif>15</PitchRollRotateSpeedMaxDif>
          <PitchRollRotateSpeedMinDif>0</PitchRollRotateSpeedMinDif>
          <PitchRollRotateSpeedMax>720</PitchRollRotateSpeedMax>
          <PitchRollRotateSpeedMin>720</PitchRollRotateSpeedMin>
          <PitchRollRotateSpeedAccele>3600</PitchRollRotateSpeedAccele>
          <PitchRollRotateSpeedInAirRate>0.4</PitchRollRotateSpeedInAirRate>
          <PitchRollRotateSpeedMinVelocity>10</PitchRollRotateSpeedMinVelocity>
          <PitchRollRotateSpeedMaxVelocity>30</PitchRollRotateSpeedMaxVelocity>
        </Param>
      </PitchRoll>
      <WallJump>
        <Param>
          <WallJumpUpForce>15</WallJumpUpForce>
          <WallJumpFrontForce>15</WallJumpFrontForce>
          <WallJumpReadyBorder>-8</WallJumpReadyBorder>
        </Param>
      </WallJump>
      <Physics>
        <Param>
          <VelocityStrengthScale>2</VelocityStrengthScale>
        </Param>
      </Physics>
      <Other>
        <Param>
          <Gravity>35</Gravity>
          <MaxUpSpeedWhenBound>8</MaxUpSpeedWhenBound>
          <SideViewPushOutMinForce>5</SideViewPushOutMinForce>
          <SideViewPushOutRecoverStartTime>1</SideViewPushOutRecoverStartTime>
          <PathBinrmCorrectionAngle>60</PathBinrmCorrectionAngle>
          <PathBinrmCorrectionOffset>1</PathBinrmCorrectionOffset>
        </Param>
      </Other>
      <BlockedEnemy>
        <Param>
          <BlockingEnemyMaxNum>5</BlockingEnemyMaxNum>
          <EnemyBlockedMaxVelocity1>10</EnemyBlockedMaxVelocity1>
          <EnemyBlockedMaxVelocityDec>1</EnemyBlockedMaxVelocityDec>
          <EnemyBlockedJumpPower1>13</EnemyBlockedJumpPower1>
          <EnemyBlockedJumpPowerDec>0.5</EnemyBlockedJumpPowerDec>
          <EnemyBlockedRotationSpeedMax1>720</EnemyBlockedRotationSpeedMax1>
          <EnemyBlockedRotationSpeedMaxDec>30</EnemyBlockedRotationSpeedMaxDec>
          <EnemyBlockedSpringImpulseScale1>0.5</EnemyBlockedSpringImpulseScale1>
          <EnemyBlockedSpringImpulseScaleDec>0.02</EnemyBlockedSpringImpulseScaleDec>
          <EnemyBlockedSpringImpulseMax1>20</EnemyBlockedSpringImpulseMax1>
          <EnemyBlockedSpringImpulseMaxDec>2.5</EnemyBlockedSpringImpulseMaxDec>
          <EnemyBlockedMaxSquatVelocity>4</EnemyBlockedMaxSquatVelocity>
        </Param>
      </BlockedEnemy>
      <NoGroundStop>
        <Param>
          <FrontNoGroundStopMaxSpeed>3</FrontNoGroundStopMaxSpeed>
        </Param>
      </NoGroundStop>
      <WallPushing>
        <Param>
          <WallPushSpeed>5</WallPushSpeed>
        </Param>
      </WallPushing>
      <HipSliding>
        <Param>
          <HipSlidingVelocity>60</HipSlidingVelocity>
          <HipSlidingMaxVelocity>30</HipSlidingMaxVelocity>
        </Param>
      </HipSliding>
      <BoundJump>
        <Param>
          <BoundJumpBeforeVelocity>40</BoundJumpBeforeVelocity>
          <BoudnJumpVelocity>13</BoudnJumpVelocity>
          <BoundJumpGravityScale>0.4</BoundJumpGravityScale>
        </Param>
      </BoundJump>
      <Board>
        <Param>
          <KeepRunningMinVelocityOnBoard>3</KeepRunningMinVelocityOnBoard>
          <KeepRunningMaxVelocityOnBoard>60</KeepRunningMaxVelocityOnBoard>
        </Param>
      </Board>
      <Boost>
        <Param>
          <BoostMaxVelocityScaleLv0>1.5</BoostMaxVelocityScaleLv0>
          <BoostMaxVelocityScaleLvMax>1.6</BoostMaxVelocityScaleLvMax>
          <BoostStartVelocityRate>1.2</BoostStartVelocityRate>
          <BoostAccelerationForce>22.5</BoostAccelerationForce>
          <BoostAccelerationForceWhenSlow>40</BoostAccelerationForceWhenSlow>
          <BoostMinVelocity>10</BoostMinVelocity>
          <BoostCancelBrakeTime>0.5</BoostCancelBrakeTime>
          <BoostInAirKeepTime>1.5</BoostInAirKeepTime>
        </Param>
      </Boost>
      <AirBoost>
        <Param>
          <AirBoostTime>0.3</AirBoostTime>
          <AirBoostStartVelocityRate>1.5</AirBoostStartVelocityRate>
          <AirBoostGravityRate>0.5</AirBoostGravityRate>
          <AirBoostLevitationForce>0.5</AirBoostLevitationForce>
          <AirBoostLevitationTime>1</AirBoostLevitationTime>
        </Param>
      </AirBoost>
      <Squat_Sliding>
        <Param>
          <FinishSlidingVelocity>20</FinishSlidingVelocity>
        </Param>
      </Squat_Sliding>
      <Grind>
        <Param>
          <GrindCurveDecreaseForce>0</GrindCurveDecreaseForce>
        </Param>
      </Grind>
    </Category>
  </SideView>
  <OnWater>
    <Category>
      <Velocity>
        <Param>
          <AccelerationForce>12.5</AccelerationForce>
          <AccelerationForceBySkill>25</AccelerationForceBySkill>
          <AccelerationForceBaseUp>25</AccelerationForceBaseUp>
          <MaxVelocityBasisBaseUp>40</MaxVelocityBasisBaseUp>
          <AccelerationForceSps>25</AccelerationForceSps>
          <MaxVelocityBasisSps>145</MaxVelocityBasisSps>
        </Param>
      </Velocity>
      <Jump>
        <Param>
          <JumpPower>10</JumpPower>
          <JumpPowerBySkill>10</JumpPowerBySkill>
          <JumpPowerDamageAir>10</JumpPowerDamageAir>
          <JumpPowerOnBoard>17</JumpPowerOnBoard>
          <JumpPowerMin>5</JumpPowerMin>
          <JumpPowerMinOnBoard>5</JumpPowerMinOnBoard>
          <JumpGroundVelocityYRate>1</JumpGroundVelocityYRate>
          <JumpGroundVelocityXZRate>1</JumpGroundVelocityXZRate>
          <MaxUpSpeedWhenJump>100</MaxUpSpeedWhenJump>
          <KickbackPower>10</KickbackPower>
        </Param>
      </Jump>
      <HomingAttack>
        <Param>
          <HomingAttackAfterUpVelocity>18</HomingAttackAfterUpVelocity>
        </Param>
      </HomingAttack>
      <Input>
        <Param>
          <PadInputForceCoeffInAir>1</PadInputForceCoeffInAir>
        </Param>
      </Input>
      <Other>
        <Param>
          <SpringImpluseVelocityCoeff>1</SpringImpluseVelocityCoeff>
          <AttackAfterImpluseVelocityCoeff>1</AttackAfterImpluseVelocityCoeff>
        </Param>
      </Other>
      <Boost>
        <Param>
          <BoostStartVelocityRate>1.2</BoostStartVelocityRate>
          <ROTATION_FORCE_IN_WATER_BOOST>35</ROTATION_FORCE_IN_WATER_BOOST>
        </Param>
      </Boost>
      <Rotation>
        <Param>
          <ROTATION_FORCE_IN_WATER>80</ROTATION_FORCE_IN_WATER>
        </Param>
      </Rotation>
    </Category>
  </OnWater>
  <ShoesSliding3D>
    <Category>
      <Velocity>
        <Param>
          <AccelerationForce>10</AccelerationForce>
          <AccelerationForceBySkill>25</AccelerationForceBySkill>
          <AccelerationForceBaseUp>25</AccelerationForceBaseUp>
          <MaxVelocityBasisBaseUp>40</MaxVelocityBasisBaseUp>
          <AccelerationForceSps>25</AccelerationForceSps>
          <MaxVelocityBasisSps>145</MaxVelocityBasisSps>
        </Param>
      </Velocity>
    </Category>
  </ShoesSliding3D>
  <ShoesSliding2D>
    <Category>
      <Velocity>
        <Param>
          <AccelerationForce>10</AccelerationForce>
          <AccelerationForceBySkill>25</AccelerationForceBySkill>
          <AccelerationForceBaseUp>25</AccelerationForceBaseUp>
          <MaxVelocityBasisBaseUp>40</MaxVelocityBasisBaseUp>
          <AccelerationForceSps>25</AccelerationForceSps>
          <MaxVelocityBasisSps>145</MaxVelocityBasisSps>
        </Param>
      </Velocity>
    </Category>
  </ShoesSliding2D>
  <OnIce3D>
    <Category>
      <Velocity>
        <Param>
          <AccelerationForce>20</AccelerationForce>
          <AccelerationForceBySkill>25</AccelerationForceBySkill>
          <AccelerationForceBaseUp>25</AccelerationForceBaseUp>
          <MaxVelocityBasisBaseUp>40</MaxVelocityBasisBaseUp>
          <AccelerationForceSps>25</AccelerationForceSps>
          <MaxVelocityBasisSps>145</MaxVelocityBasisSps>
        </Param>
      </Velocity>
      <SlopeRun>
        <Param>
          <DynamicFrictionalForce>5</DynamicFrictionalForce>
          <StaticFrictionalForce>5</StaticFrictionalForce>
        </Param>
      </SlopeRun>
      <Boost>
        <Param>
          <BoostAccelerationForce>30</BoostAccelerationForce>
        </Param>
      </Boost>
    </Category>
  </OnIce3D>
  <OnIce2D>
    <Category>
      <Velocity>
        <Param>
          <AccelerationForce>10</AccelerationForce>
          <AccelerationForceBySkill>25</AccelerationForceBySkill>
          <AccelerationForceBaseUp>25</AccelerationForceBaseUp>
          <MaxVelocityBasisBaseUp>40</MaxVelocityBasisBaseUp>
          <AccelerationForceSps>25</AccelerationForceSps>
          <MaxVelocityBasisSps>145</MaxVelocityBasisSps>
        </Param>
      </Velocity>
      <SlopeRun>
        <Param>
          <DynamicFrictionalForce>5</DynamicFrictionalForce>
          <StaticFrictionalForce>5</StaticFrictionalForce>
        </Param>
      </SlopeRun>
      <Boost>
        <Param>
          <BoostAccelerationForce>20</BoostAccelerationForce>
        </Param>
      </Boost>
    </Category>
  </OnIce2D>
  <OnSlip3D>
    <Category>
      <Velocity>
        <Param>
          <AccelerationForce>20</AccelerationForce>
          <AccelerationForceBySkill>25</AccelerationForceBySkill>
          <AccelerationForceBaseUp>25</AccelerationForceBaseUp>
          <MaxVelocityBasisBaseUp>40</MaxVelocityBasisBaseUp>
          <AccelerationForceSps>25</AccelerationForceSps>
          <MaxVelocityBasisSps>145</MaxVelocityBasisSps>
        </Param>
      </Velocity>
      <SlopeRun>
        <Param>
          <DynamicFrictionalForce>5</DynamicFrictionalForce>
          <StaticFrictionalForce>5</StaticFrictionalForce>
        </Param>
      </SlopeRun>
    </Category>
  </OnSlip3D>
  <OnSlip2D>
    <Category>
      <Velocity>
        <Param>
          <AccelerationForce>10</AccelerationForce>
          <AccelerationForceBySkill>25</AccelerationForceBySkill>
          <AccelerationForceBaseUp>25</AccelerationForceBaseUp>
          <MaxVelocityBasisBaseUp>40</MaxVelocityBasisBaseUp>
          <AccelerationForceSps>25</AccelerationForceSps>
          <MaxVelocityBasisSps>145</MaxVelocityBasisSps>
        </Param>
      </Velocity>
      <SlopeRun>
        <Param>
          <DynamicFrictionalForce>5</DynamicFrictionalForce>
          <StaticFrictionalForce>5</StaticFrictionalForce>
        </Param>
      </SlopeRun>
    </Category>
  </OnSlip2D>
  <Debug>
    <Category>
      <Damage>
        <Param>
          <DebugNoDamage>false</DebugNoDamage>
          <DebugNoDead>false</DebugNoDead>
          <DebugNoFallDead>false</DebugNoFallDead>
          <DebugNoDrowningImmediately>false</DebugNoDrowningImmediately>
          <DebugNoDeadDrowning>false</DebugNoDeadDrowning>
        </Param>
      </Damage>
      <Skill>
        <Param>
          <DebugSkillCancelEnabled>false</DebugSkillCancelEnabled>
          <DebugSkillSpikeEndless>false</DebugSkillSpikeEndless>
          <DebugSkillSuperSonic>false</DebugSkillSuperSonic>
        </Param>
      </Skill>
    </Category>
  </Debug>
  <DashMode>
    <Category>
      <Correction>
        <Param>
          <SIDE_INTEPOLATE_DISTANCE>4</SIDE_INTEPOLATE_DISTANCE>
        </Param>
      </Correction>
      <Rotation>
        <Param>
          <RotationForce0>120</RotationForce0>
          <RotationForceVelocity0>10</RotationForceVelocity0>
          <RotationForce1>120</RotationForce1>
          <RotationForceVelocity1>20</RotationForceVelocity1>
          <RotationSpeedMax>860</RotationSpeedMax>
          <DashModePathCorrectSideSpeed>100</DashModePathCorrectSideSpeed>
          <DashModePathCorrectSideSpeedDigital>10</DashModePathCorrectSideSpeedDigital>
        </Param>
      </Rotation>
      <Boost>
        <Param>
          <RotationForceInBoost>140</RotationForceInBoost>
        </Param>
      </Boost>
      <SlopeRun>
        <Param>
          <MoveEnableGroundAngleInner>30</MoveEnableGroundAngleInner>
          <MoveEnableGroundAngleOuter>30</MoveEnableGroundAngleOuter>
          <MoveEnableSearchDistance>0.1</MoveEnableSearchDistance>
          <DownForceEfficient>30</DownForceEfficient>
        </Param>
      </SlopeRun>
      <QuickStep>
        <Param>
          <RunQuickStepMoveDistance>2</RunQuickStepMoveDistance>
        </Param>
      </QuickStep>
    </Category>
  </DashMode>
  <WallCorrection>
    <Category>
      <SlopeRun>
        <Param>
          <DownForceEfficient>60</DownForceEfficient>
          <StaticResistanceForceWhenStand>30</StaticResistanceForceWhenStand>
          <DynamicResistanceForceWhenStand>30</DynamicResistanceForceWhenStand>
          <StaticResistanceForceWhenRun>30</StaticResistanceForceWhenRun>
          <DynamicResistanceForceWhenRun>30</DynamicResistanceForceWhenRun>
          <StaticFrictionalForce>89.9</StaticFrictionalForce>
          <DynamicFrictionalForce>89.9</DynamicFrictionalForce>
        </Param>
      </SlopeRun>
    </Category>
  </WallCorrection>
  <QSM>
    <Category>
      <Rotation>
        <Param>
          <RotationForce0>30</RotationForce0>
          <RotationForceVelocity0>10</RotationForceVelocity0>
          <RotationForce1>30</RotationForce1>
          <RotationForceVelocity1>20</RotationForceVelocity1>
          <RotationSpeedMax>860</RotationSpeedMax>
          <DashModePathCorrectSideSpeed>100</DashModePathCorrectSideSpeed>
          <DashModePathCorrectSideSpeedDigital>10</DashModePathCorrectSideSpeedDigital>
        </Param>
      </Rotation>
      <Boost>
        <Param>
          <RotationForceInBoost>90</RotationForceInBoost>
        </Param>
      </Boost>
    </Category>
  </QSM>
  <SpinSliding3D>
    <Category>
      <Velocity>
        <Param>
          <AccelerationForce>10</AccelerationForce>
          <AccelerationForceBySkill>25</AccelerationForceBySkill>
          <AccelerationForceBaseUp>25</AccelerationForceBaseUp>
          <MaxVelocityBasisBaseUp>40</MaxVelocityBasisBaseUp>
        </Param>
      </Velocity>
      <SlopeRun>
        <Param>
          <DynamicFrictionalForce>5</DynamicFrictionalForce>
          <StaticFrictionalForce>5</StaticFrictionalForce>
        </Param>
      </SlopeRun>
    </Category>
  </SpinSliding3D>
  <SpinSliding2D>
    <Category>
      <Velocity>
        <Param>
          <AccelerationForce>10</AccelerationForce>
          <AccelerationForceBySkill>25</AccelerationForceBySkill>
          <AccelerationForceBaseUp>25</AccelerationForceBaseUp>
          <MaxVelocityBasisBaseUp>40</MaxVelocityBasisBaseUp>
        </Param>
      </Velocity>
      <SlopeRun>
        <Param>
          <DynamicFrictionalForce>5</DynamicFrictionalForce>
          <StaticFrictionalForce>5</StaticFrictionalForce>
        </Param>
      </SlopeRun>
    </Category>
  </SpinSliding2D>
  <Special>
    <Category>
      <BigChaser>
        <Category>
          <Velocity>
            <Param>
              <MaxHorzVelocity>145</MaxHorzVelocity>
              <AccelerationForce>25</AccelerationForce>
              <DecelerationForceHigh>15</DecelerationForceHigh>
              <InAirForceAccelRate>1</InAirForceAccelRate>
              <InAirForceDecRate>0.2</InAirForceDecRate>
              <InAirMaxAccelVelocity>15</InAirMaxAccelVelocity>
              <MaxVelocityBasis>60</MaxVelocityBasis>
              <MaxVelocityFinalMax>145</MaxVelocityFinalMax>
            </Param>
          </Velocity>
          <Boost>
            <Param>
              <BoostMaxVelocityScaleLv0>1.4</BoostMaxVelocityScaleLv0>
              <BoostMaxVelocityScaleLvMax>1.5</BoostMaxVelocityScaleLvMax>
              <BoostStartVelocityRate>1.2</BoostStartVelocityRate>
              <BoostAccelerationForce>37.5</BoostAccelerationForce>
              <BoostAccelerationForceWhenSlow>60</BoostAccelerationForceWhenSlow>
            </Param>
          </Boost>
          <Squat_Sliding>
            <Param>
              <SlidingBrakeForce>2</SlidingBrakeForce>
            </Param>
          </Squat_Sliding>
          <KeepRunning>
            <Param>
              <KeepRunningMinVelocity>45</KeepRunningMinVelocity>
              <KeepRunningDamageTime>1</KeepRunningDamageTime>
            </Param>
          </KeepRunning>
          <SlopeRun>
            <Param>
              <StaticResistanceForceWhenRun>80</StaticResistanceForceWhenRun>
              <DynamicResistanceForceWhenRun>80</DynamicResistanceForceWhenRun>
              <StaticFrictionalForce>80</StaticFrictionalForce>
              <DynamicFrictionalForce>80</DynamicFrictionalForce>
            </Param>
          </SlopeRun>
        </Category>
      </BigChaser>
      <EggBeetle>
        <Category>
          <Jump>
            <Param>
              <BallJumpAirDragRateScale>1</BallJumpAirDragRateScale>
            </Param>
          </Jump>
        </Category>
      </EggBeetle>
      <EggLancer>
        <Category>
          <SlopeRun>
            <Param>
              <DownForceEfficient>30</DownForceEfficient>
            </Param>
          </SlopeRun>
        </Category>
      </EggLancer>
      <EggRaybird>
        <Category>
        </Category>
      </EggRaybird>
    </Category>
  </Special>
  <SparkEffect>
    <Category>
      <Wind>
        <Param>
          <WindEffectCount>10</WindEffectCount>
          <WindEffectMeshPointCount>50</WindEffectMeshPointCount>
          <WindEffectDirOffset>0.5</WindEffectDirOffset>
          <WindEffectRandAmplitude>0.3</WindEffectRandAmplitude>
          <WindEffectRandFrequency>0.1</WindEffectRandFrequency>
          <WindEffectSpeedMin>10</WindEffectSpeedMin>
          <WindEffectSpeedMax>60</WindEffectSpeedMax>
          <WindEffectWidth>0.2</WindEffectWidth>
          <WindEffectWidthRand>0.1</WindEffectWidthRand>
          <WindEffectLife>0.5</WindEffectLife>
          <WindEffectLifeRand>0.2</WindEffectLifeRand>
          <WindEffectIntervalTime>0</WindEffectIntervalTime>
          <WindEffectStartPosRange>0.25</WindEffectStartPosRange>
        </Param>
      </Wind>
      <HomingAttack>
        <Param>
          <HomingAttackSplinePosCount>10</HomingAttackSplinePosCount>
          <HomingAttackEffectWidth>0.5</HomingAttackEffectWidth>
        </Param>
      </HomingAttack>
      <Sparkle>
        <Param>
          <SparkleEffectCount>3</SparkleEffectCount>
          <SparkleEffectLife>0.2</SparkleEffectLife>
          <SparkleEffectLifeRand>0.1</SparkleEffectLifeRand>
          <SparkleEffectWidth>0.03</SparkleEffectWidth>
          <SparkleEffectWidthRand>0.01</SparkleEffectWidthRand>
          <SparkleEffectSpeedMin>10</SparkleEffectSpeedMin>
          <SparkleEffectSpeedMax>80</SparkleEffectSpeedMax>
          <SparkleEffectRandDir>0.3</SparkleEffectRandDir>
          <SparkleEffectRandSpeed>0.8</SparkleEffectRandSpeed>
          <SparkleEffectMeshPointCount>8</SparkleEffectMeshPointCount>
          <SparkleEffectIntervalTime>0.03</SparkleEffectIntervalTime>
        </Param>
      </Sparkle>
      <HighSpeedEffect>
        <Param>
          <HighSpeedEffectMinVelocity>16</HighSpeedEffectMinVelocity>
          <HighSpeedEffectMaxVelocity>22</HighSpeedEffectMaxVelocity>
          <HighSpeedEffectMinVelocityDuringFall>3.5</HighSpeedEffectMinVelocityDuringFall>
          <HighSpeedEffectMaxVelocityDuringFall>5</HighSpeedEffectMaxVelocityDuringFall>
        </Param>
      </HighSpeedEffect>
    </Category>
  </SparkEffect>
  <DigitalMove>
    <Category>
      <Move>
        <Param>
          <FRONT_BACK_SPEED>8</FRONT_BACK_SPEED>
          <FRONT_BACK_ACC>120</FRONT_BACK_ACC>
          <FRONT_BACK_MIN_SPEED>20</FRONT_BACK_MIN_SPEED>
          <SIDE_SPEED>8</SIDE_SPEED>
          <SIDE_ACC>120</SIDE_ACC>
        </Param>
      </Move>
    </Category>
  </DigitalMove>
  <Effect>
    <Category>
      <Smoke>
        <Param>
          <IsSmoke>true</IsSmoke>
        </Param>
      </Smoke>
    </Category>
  </Effect>
</SonicClassic.prm.xml>
