﻿<?xml version="1.0" encoding="utf-8" standalone="no"?>
<SonicClassic.prm.xml>
  <Common>
    <Category>
      <Jump>
        <Param>
          <BallJumpAirDragRateScale>2.76</BallJumpAirDragRateScale>
        </Param>
      </Jump>
      <Spin>
        <Param>
          <SpinDynamicFrictionalForce>3.2</SpinDynamicFrictionalForce>
          <SpinMinTime>1.3</SpinMinTime>
        </Param>
      </Spin>
    </Category>
  </Common>
  <SideView>
    <Category>
      <Velocity>
        <Param>
          <DecelerationForceHigh>2.5</DecelerationForceHigh>
          <DecelerationForceLow>3.6</DecelerationForceLow>
          <InAirForceAccelRate>2.64</InAirForceAccelRate>
          <InAirForceAccelRateInLowSpd>2.68</InAirForceAccelRateInLowSpd>
          <InAirForceBrakeRate>0.42</InAirForceBrakeRate>
          <InAirForceBrakeRateInLowSpd>0.42</InAirForceBrakeRateInLowSpd>
          <InAirForceDecRate>0.3</InAirForceDecRate>
          <InAirForceDecRateInLowSpd>0.21</InAirForceDecRateInLowSpd>
          <InAirMaxAccelVelocity>6.54</InAirMaxAccelVelocity>
          <InAirMaxAccelVelocityInLowSpd>5.59</InAirMaxAccelVelocityInLowSpd>
          <MaxUpVelocity>30.0</MaxUpVelocity>
        </Param>
      </Velocity>
    </Category>
  </SideView>
</SonicClassic.prm.xml>