﻿<?xml version="1.0" encoding="utf-8" standalone="no"?>
<Sonic.prm.xml>
  <SideView>
    <Category>
      <AirBoost>
        <Param>
          <AirBoostTime>0.1</AirBoostTime>
        </Param>
      </AirBoost>
      <Boost>
        <Param>
          <BoostAccelerationForce>18.6</BoostAccelerationForce>
          <BoostAccelerationForceWhenSlow>38.2</BoostAccelerationForceWhenSlow>
          <BoostCancelBrakeTime>0.5</BoostCancelBrakeTime>
          <BoostInAirKeepTime>1.5</BoostInAirKeepTime>
          <BoostMaxVelocityScaleLv0>1.5</BoostMaxVelocityScaleLv0>
          <BoostMaxVelocityScaleLvMax>1.6</BoostMaxVelocityScaleLvMax>
          <BoostMinVelocity>10</BoostMinVelocity>
          <BoostStartVelocityRate>1.2</BoostStartVelocityRate>
        </Param>
      </Boost>
      <Brake>
        <Param>
          <BrakeDownForceEnableSpeed>15</BrakeDownForceEnableSpeed>
          <BrakeEnableSpeed>20</BrakeEnableSpeed>
          <BrakeEndSpeed>40</BrakeEndSpeed>
          <BrakeForce>100</BrakeForce>
          <BrakeLargeSpeed>70</BrakeLargeSpeed>
        </Param>
      </Brake>
      <Jump>
        <Param>
          <JumpPower>16.1</JumpPower>
        </Param>
      </Jump>
      <Velocity>
        <Param>
          <AccelerationForce>7</AccelerationForce>
          <InAirMaxAccelVelocity>10</InAirMaxAccelVelocity>
          <MaxDownVelocity>27.1</MaxDownVelocity>
          <MaxHorzVelocity>80</MaxHorzVelocity>
          <MaxUpVelocity>50</MaxUpVelocity>
          <MaxVelocityBasis>27</MaxVelocityBasis>
          <MaxVelocityFinalMax>37.6</MaxVelocityFinalMax>
        </Param>
      </Velocity>
    </Category>
  </SideView>
</Sonic.prm.xml>